Compartment	Cluster	Trend	OTU_ID	Kingdom	Phylum	Class	Order	Family	Genus	Species
RS	RSC1	Transient Enrichment	354765	Bacteria	Actinobacteria	Actinobacteria	Actinomycetales	Micromonosporaceae	Verrucosispora	gifhornensis
RS	RSC1	Transient Enrichment	925200	Bacteria	Actinobacteria	Thermoleophilia	Solirubrobacterales	Conexibacteraceae	unclassified	unclassified
RS	RSC1	Transient Enrichment	261663	Bacteria	Chloroflexi	TK10	AKYG885	Dolo_23	unclassified	unclassified
RS	RSC1	Transient Enrichment	811263	Bacteria	Actinobacteria	Thermoleophilia	Gaiellales	Gaiellaceae	unclassified	unclassified
RS	RSC1	Transient Enrichment	833645	Bacteria	Firmicutes	Bacilli	Bacillales	unclassified	unclassified	unclassified
RS	RSC1	Transient Enrichment	223655	Bacteria	Planctomycetes	Phycisphaerae	WD2101	unclassified	unclassified	unclassified
RS	RSC1	Transient Enrichment	512952	Bacteria	Gemmatimonadetes	Gemmatimonadetes	Gemmatimonadales	unclassified	unclassified	unclassified
RS	RSC1	Transient Enrichment	206278	Bacteria	Chloroflexi	Ellin6529	unclassified	unclassified	unclassified	unclassified
RS	RSC1	Transient Enrichment	939546	Bacteria	Actinobacteria	Actinobacteria	Actinomycetales	Geodermatophilaceae	Geodermatophilus	unclassified
RS	RSC1	Transient Enrichment	1066717	Bacteria	Gemmatimonadetes	Gemmatimonadetes	Gemmatimonadales	unclassified	unclassified	unclassified
RS	RSC1	Transient Enrichment	873887	Bacteria	Actinobacteria	Thermoleophilia	Solirubrobacterales	Solirubrobacteraceae	unclassified	unclassified
RS	RSC1	Transient Enrichment	220353	Bacteria	Chloroflexi	Chloroflexi	[Roseiflexales]	[Kouleothrixaceae]	unclassified	unclassified
RS	RSC1	Transient Enrichment	580625	Bacteria	Proteobacteria	Alphaproteobacteria	Rhizobiales	Bradyrhizobiaceae	unclassified	unclassified
RS	RSC1	Transient Enrichment	249257	Bacteria	Gemmatimonadetes	Gemmatimonadetes	unclassified	unclassified	unclassified	unclassified
RS	RSC1	Transient Enrichment	1037256	Bacteria	Actinobacteria	Thermoleophilia	Gaiellales	Gaiellaceae	unclassified	unclassified
RS	RSC1	Transient Enrichment	112836	Bacteria	Chloroflexi	TK10	AKYG885	Dolo_23	unclassified	unclassified
RS	RSC1	Transient Enrichment	720511	Archaea	Crenarchaeota	Thaumarchaeota	Nitrososphaerales	Nitrososphaeraceae	Candidatus Nitrososphaera	unclassified
RS	RSC1	Transient Enrichment	968261	Bacteria	Actinobacteria	Thermoleophilia	Solirubrobacterales	unclassified	unclassified	unclassified
RS	RSC1	Transient Enrichment	594023	Bacteria	Actinobacteria	Thermoleophilia	Solirubrobacterales	unclassified	unclassified	unclassified
RS	RSC1	Transient Enrichment	4112169	Bacteria	Gemmatimonadetes	Gemmatimonadetes	Gemmatimonadales	unclassified	unclassified	unclassified
RS	RSC1	Transient Enrichment	787350	Bacteria	Gemmatimonadetes	Gemmatimonadetes	Gemmatimonadales	unclassified	unclassified	unclassified
RS	RSC1	Transient Enrichment	4464810	Bacteria	Actinobacteria	Thermoleophilia	Gaiellales	Gaiellaceae	unclassified	unclassified
RS	RSC1	Transient Enrichment	4483428	Bacteria	Actinobacteria	Thermoleophilia	Gaiellales	Gaiellaceae	unclassified	unclassified
RS	RSC1	Transient Enrichment	1110625	Bacteria	Actinobacteria	Thermoleophilia	Solirubrobacterales	unclassified	unclassified	unclassified
RS	RSC1	Transient Enrichment	833324	Bacteria	Actinobacteria	Rubrobacteria	Rubrobacterales	Rubrobacteraceae	Rubrobacter	unclassified
RS	RSC1	Transient Enrichment	565862	Bacteria	Actinobacteria	Thermoleophilia	Gaiellales	Gaiellaceae	unclassified	unclassified
RS	RSC1	Transient Enrichment	240137	Bacteria	Actinobacteria	Thermoleophilia	Solirubrobacterales	Solirubrobacteraceae	unclassified	unclassified
RS	RSC1	Transient Enrichment	580173	Bacteria	Actinobacteria	Thermoleophilia	Solirubrobacterales	unclassified	unclassified	unclassified
RS	RSC1	Transient Enrichment	224648	Bacteria	Actinobacteria	MB-A2-108	0319-7L14	unclassified	unclassified	unclassified
RS	RSC1	Transient Enrichment	1032653	Bacteria	Actinobacteria	Thermoleophilia	Solirubrobacterales	Solirubrobacteraceae	unclassified	unclassified
RS	RSC1	Transient Enrichment	4314930	Bacteria	Gemmatimonadetes	Gemmatimonadetes	unclassified	unclassified	unclassified	unclassified
RS	RSC1	Transient Enrichment	106874	Bacteria	Actinobacteria	Thermoleophilia	Solirubrobacterales	unclassified	unclassified	unclassified
RS	RSC1	Transient Enrichment	105839	Bacteria	Gemmatimonadetes	Gemmatimonadetes	unclassified	unclassified	unclassified	unclassified
RS	RSC1	Transient Enrichment	546371	Bacteria	Actinobacteria	Thermoleophilia	Solirubrobacterales	unclassified	unclassified	unclassified
RS	RSC1	Transient Enrichment	217798	Bacteria	Proteobacteria	Alphaproteobacteria	Rhodospirillales	Rhodospirillaceae	unclassified	unclassified
RS	RSC1	Transient Enrichment	957362	Bacteria	Actinobacteria	Thermoleophilia	Solirubrobacterales	unclassified	unclassified	unclassified
RS	RSC1	Transient Enrichment	327290	Bacteria	Actinobacteria	Actinobacteria	Actinomycetales	Pseudonocardiaceae	Pseudonocardia	unclassified
RS	RSC1	Transient Enrichment	966091	Bacteria	Actinobacteria	Actinobacteria	Actinomycetales	Geodermatophilaceae	Modestobacter	unclassified
RS	RSC1	Transient Enrichment	994823	Bacteria	Actinobacteria	Thermoleophilia	Solirubrobacterales	Patulibacteraceae	unclassified	unclassified
RS	RSC1	Transient Enrichment	589372	Bacteria	Actinobacteria	Thermoleophilia	Solirubrobacterales	Solirubrobacteraceae	unclassified	unclassified
RS	RSC1	Transient Enrichment	113486	Bacteria	Chloroflexi	Anaerolineae	GCA004	unclassified	unclassified	unclassified
RS	RSC1	Transient Enrichment	1084157	Bacteria	Actinobacteria	Actinobacteria	Actinomycetales	Intrasporangiaceae	Janibacter	unclassified
RS	RSC1	Transient Enrichment	906820	Bacteria	Proteobacteria	Alphaproteobacteria	Rhodospirillales	Rhodospirillaceae	Skermanella	unclassified
RS	RSC1	Transient Enrichment	308836	Bacteria	Proteobacteria	Alphaproteobacteria	Rhodospirillales	Rhodospirillaceae	unclassified	unclassified
RS	RSC1	Transient Enrichment	111050	Bacteria	Actinobacteria	Thermoleophilia	Solirubrobacterales	Conexibacteraceae	unclassified	unclassified
RS	RSC1	Transient Enrichment	755123	Bacteria	Actinobacteria	Thermoleophilia	Gaiellales	Gaiellaceae	unclassified	unclassified
RS	RSC1	Transient Enrichment	562922	Bacteria	Chloroflexi	Gitt-GS-136	unclassified	unclassified	unclassified	unclassified
RS	RSC1	Transient Enrichment	612580	Bacteria	Acidobacteria	[Chloracidobacteria]	RB41	unclassified	unclassified	unclassified
RS	RSC1	Transient Enrichment	241499	Bacteria	Actinobacteria	Thermoleophilia	Gaiellales	Gaiellaceae	unclassified	unclassified
RS	RSC1	Transient Enrichment	549954	Bacteria	Chloroflexi	Thermomicrobia	JG30-KF-CM45	unclassified	unclassified	unclassified
RS	RSC1	Transient Enrichment	368218	Bacteria	Actinobacteria	Thermoleophilia	Gaiellales	Gaiellaceae	unclassified	unclassified
RS	RSC1	Transient Enrichment	257321	Bacteria	Actinobacteria	Thermoleophilia	Gaiellales	Gaiellaceae	unclassified	unclassified
RS	RSC1	Transient Enrichment	897627	Bacteria	Actinobacteria	Thermoleophilia	Solirubrobacterales	unclassified	unclassified	unclassified
RS	RSC1	Transient Enrichment	545548	Bacteria	Chloroflexi	Chloroflexi	[Roseiflexales]	[Kouleothrixaceae]	unclassified	unclassified
RS	RSC1	Transient Enrichment	238766	Bacteria	Chloroflexi	Chloroflexi	[Roseiflexales]	[Kouleothrixaceae]	unclassified	unclassified
RS	RSC1	Transient Enrichment	588861	Bacteria	Chloroflexi	Chloroflexi	[Roseiflexales]	[Kouleothrixaceae]	unclassified	unclassified
RS	RSC1	Transient Enrichment	371783	Bacteria	Actinobacteria	Thermoleophilia	Solirubrobacterales	Solirubrobacteraceae	unclassified	unclassified
RS	RSC1	Transient Enrichment	362406	Bacteria	Armatimonadetes	Chthonomonadetes	SJA-22	unclassified	unclassified	unclassified
RS	RSC1	Transient Enrichment	855996	Bacteria	Gemmatimonadetes	Gemmatimonadetes	N1423WL	unclassified	unclassified	unclassified
RS	RSC1	Transient Enrichment	759916	Bacteria	Proteobacteria	Betaproteobacteria	Burkholderiales	Oxalobacteraceae	unclassified	unclassified
RS	RSC1	Transient Enrichment	4322410	Bacteria	Proteobacteria	Alphaproteobacteria	Rhodospirillales	Rhodospirillaceae	Skermanella	unclassified
RS	RSC1	Transient Enrichment	112867	Bacteria	Chloroflexi	Ellin6529	unclassified	unclassified	unclassified	unclassified
RS	RSC1	Transient Enrichment	707532	Bacteria	Gemmatimonadetes	Gemm-5	unclassified	unclassified	unclassified	unclassified
RS	RSC1	Transient Enrichment	4411671	Bacteria	Gemmatimonadetes	Gemmatimonadetes	Ellin5290	unclassified	unclassified	unclassified
RS	RSC1	Transient Enrichment	808319	Bacteria	Proteobacteria	Deltaproteobacteria	Myxococcales	unclassified	unclassified	unclassified
RS	RSC1	Transient Enrichment	550219	Bacteria	Acidobacteria	Acidobacteria-6	iii1-15	unclassified	unclassified	unclassified
RS	RSC1	Transient Enrichment	238280	Bacteria	Actinobacteria	Thermoleophilia	Solirubrobacterales	unclassified	unclassified	unclassified
RS	RSC1	Transient Enrichment	699760	Bacteria	Bacteroidetes	Cytophagia	Cytophagales	Cytophagaceae	Adhaeribacter	unclassified
RS	RSC1	Transient Enrichment	960217	Bacteria	Actinobacteria	Thermoleophilia	Solirubrobacterales	unclassified	unclassified	unclassified
RS	RSC1	Transient Enrichment	1107044	Bacteria	Verrucomicrobia	[Pedosphaerae]	[Pedosphaerales]	auto67_4W	unclassified	unclassified
RS	RSC1	Transient Enrichment	927380	Bacteria	Planctomycetes	Phycisphaerae	WD2101	unclassified	unclassified	unclassified
RS	RSC1	Transient Enrichment	1021984	Bacteria	Proteobacteria	Deltaproteobacteria	Myxococcales	unclassified	unclassified	unclassified
RS	RSC1	Transient Enrichment	1009440	Bacteria	Proteobacteria	Alphaproteobacteria	Caulobacterales	Caulobacteraceae	unclassified	unclassified
RS	RSC1	Transient Enrichment	918840	Bacteria	Actinobacteria	Actinobacteria	Actinomycetales	Pseudonocardiaceae	Pseudonocardia	unclassified
RS	RSC1	Transient Enrichment	1053775	Bacteria	Proteobacteria	Alphaproteobacteria	Rhizobiales	Hyphomicrobiaceae	Devosia	unclassified
RS	RSC1	Transient Enrichment	303643	Bacteria	Proteobacteria	Alphaproteobacteria	Rhizobiales	Bradyrhizobiaceae	unclassified	unclassified
RS	RSC1	Transient Enrichment	256335	Bacteria	Proteobacteria	Alphaproteobacteria	Rhizobiales	Hyphomicrobiaceae	Rhodoplanes	unclassified
RS	RSC1	Transient Enrichment	688259	Bacteria	Actinobacteria	Actinobacteria	Actinomycetales	Micromonosporaceae	Couchioplanes	unclassified
RS	RSC1	Transient Enrichment	529644	Bacteria	Proteobacteria	Betaproteobacteria	SC-I-84	unclassified	unclassified	unclassified
RS	RSC1	Transient Enrichment	112952	Bacteria	Chloroflexi	Ellin6529	unclassified	unclassified	unclassified	unclassified
RS	RSC1	Transient Enrichment	128177	Bacteria	Chloroflexi	Ellin6529	unclassified	unclassified	unclassified	unclassified
RS	RSC1	Transient Enrichment	989109	Bacteria	Proteobacteria	Alphaproteobacteria	Sphingomonadales	Sphingomonadaceae	Kaistobacter	unclassified
RS	RSC1	Transient Enrichment	1054879	Bacteria	Actinobacteria	Thermoleophilia	Gaiellales	Gaiellaceae	unclassified	unclassified
RS	RSC1	Transient Enrichment	141531	Bacteria	Proteobacteria	Betaproteobacteria	Burkholderiales	Comamonadaceae	unclassified	unclassified
RS	RSC1	Transient Enrichment	217883	Bacteria	Verrucomicrobia	[Pedosphaerae]	[Pedosphaerales]	unclassified	unclassified	unclassified
RS	RSC1	Transient Enrichment	1033426	Bacteria	Actinobacteria	Actinobacteria	Actinomycetales	Nocardioidaceae	Nocardioides	unclassified
RS	RSC1	Transient Enrichment	883748	Bacteria	Firmicutes	Bacilli	Bacillales	Bacillaceae	Bacillus	unclassified
RS	RSC1	Transient Enrichment	151012	Bacteria	Actinobacteria	Rubrobacteria	Rubrobacterales	Rubrobacteraceae	Rubrobacter	unclassified
RS	RSC1	Transient Enrichment	822419	Bacteria	Proteobacteria	Betaproteobacteria	Burkholderiales	Oxalobacteraceae	unclassified	unclassified
RS	RSC1	Transient Enrichment	589297	Bacteria	Verrucomicrobia	[Pedosphaerae]	[Pedosphaerales]	Ellin515	unclassified	unclassified
RS	RSC1	Transient Enrichment	730204	Bacteria	Proteobacteria	Alphaproteobacteria	Rhodospirillales	Rhodospirillaceae	Azospirillum	unclassified
RS	RSC1	Transient Enrichment	218235	Bacteria	Gemmatimonadetes	Gemmatimonadetes	Ellin5290	unclassified	unclassified	unclassified
RS	RSC1	Transient Enrichment	594040	Bacteria	Bacteroidetes	[Saprospirae]	[Saprospirales]	Chitinophagaceae	Flavisolibacter	unclassified
RS	RSC1	Transient Enrichment	141902	Bacteria	Gemmatimonadetes	Gemmatimonadetes	KD8-87	unclassified	unclassified	unclassified
RS	RSC1	Transient Enrichment	647919	Bacteria	Gemmatimonadetes	Gemm-1	unclassified	unclassified	unclassified	unclassified
RS	RSC1	Transient Enrichment	574158	Bacteria	Planctomycetes	Phycisphaerae	WD2101	unclassified	unclassified	unclassified
RS	RSC1	Transient Enrichment	770004	Bacteria	Acidobacteria	iii1-8	DS-18	unclassified	unclassified	unclassified
RS	RSC1	Transient Enrichment	1051517	Bacteria	Firmicutes	Bacilli	Bacillales	Bacillaceae	Bacillus	unclassified
RS	RSC1	Transient Enrichment	824982	Bacteria	Proteobacteria	Alphaproteobacteria	Rhodospirillales	Rhodospirillaceae	unclassified	unclassified
RS	RSC1	Transient Enrichment	4319482	Bacteria	Gemmatimonadetes	Gemmatimonadetes	Gemmatimonadales	unclassified	unclassified	unclassified
RS	RSC1	Transient Enrichment	249571	Bacteria	Actinobacteria	Actinobacteria	Actinomycetales	Micromonosporaceae	unclassified	unclassified
RS	RSC1	Transient Enrichment	940828	Bacteria	Actinobacteria	Actinobacteria	Actinomycetales	Micromonosporaceae	unclassified	unclassified
RS	RSC1	Transient Enrichment	4348693	Bacteria	Chloroflexi	Anaerolineae	SBR1031	A4b	unclassified	unclassified
RS	RSC1	Transient Enrichment	864304	Bacteria	Actinobacteria	Thermoleophilia	Solirubrobacterales	unclassified	unclassified	unclassified
RS	RSC1	Transient Enrichment	1071316	Bacteria	Bacteroidetes	[Saprospirae]	[Saprospirales]	Chitinophagaceae	Flavisolibacter	unclassified
RS	RSC1	Transient Enrichment	1074625	Bacteria	Actinobacteria	Actinobacteria	Actinomycetales	Microbacteriaceae	unclassified	unclassified
RS	RSC1	Transient Enrichment	1121898	Bacteria	Chloroflexi	Anaerolineae	GCA004	unclassified	unclassified	unclassified
RS	RSC1	Transient Enrichment	251344	Bacteria	Acidobacteria	iii1-8	DS-18	unclassified	unclassified	unclassified
RS	RSC1	Transient Enrichment	1021365	Bacteria	Armatimonadetes	Chthonomonadetes	SJA-22	unclassified	unclassified	unclassified
RS	RSC1	Transient Enrichment	107234	Archaea	Crenarchaeota	Thaumarchaeota	Nitrososphaerales	Nitrososphaeraceae	Candidatus Nitrososphaera	SCA1145
RS	RSC1	Transient Enrichment	289530	Bacteria	Chloroflexi	Chloroflexi	[Roseiflexales]	[Kouleothrixaceae]	unclassified	unclassified
RS	RSC1	Transient Enrichment	1081489	Bacteria	Fibrobacteres	Fibrobacteria	258ds10	unclassified	unclassified	unclassified
RS	RSC1	Transient Enrichment	1572885	Bacteria	Gemmatimonadetes	Gemm-5	unclassified	unclassified	unclassified	unclassified
RS	RSC1	Transient Enrichment	562008	Bacteria	Proteobacteria	Gammaproteobacteria	Xanthomonadales	Sinobacteraceae	Steroidobacter	unclassified
RS	RSC1	Transient Enrichment	1060353	Bacteria	Actinobacteria	Thermoleophilia	Solirubrobacterales	Conexibacteraceae	unclassified	unclassified
RS	RSC1	Transient Enrichment	1060474	Bacteria	Actinobacteria	Actinobacteria	Actinomycetales	unclassified	unclassified	unclassified
RS	RSC1	Transient Enrichment	144545	Bacteria	Chloroflexi	Chloroflexi	[Roseiflexales]	[Kouleothrixaceae]	unclassified	unclassified
RS	RSC1	Transient Enrichment	217917	Bacteria	Chloroflexi	Chloroflexi	[Roseiflexales]	[Kouleothrixaceae]	unclassified	unclassified
RS	RSC1	Transient Enrichment	248468	Bacteria	Actinobacteria	Actinobacteria	Actinomycetales	Micromonosporaceae	unclassified	unclassified
RS	RSC1	Transient Enrichment	833317	Bacteria	Firmicutes	Bacilli	Bacillales	Bacillaceae	Bacillus	unclassified
RS	RSC1	Transient Enrichment	274025	Bacteria	Proteobacteria	Deltaproteobacteria	Myxococcales	Myxococcaceae	Myxococcus	unclassified
RS	RSC1	Transient Enrichment	850971	Bacteria	Actinobacteria	Actinobacteria	Actinomycetales	Pseudonocardiaceae	Amycolatopsis	unclassified
RS	RSC1	Transient Enrichment	1033380	Bacteria	Actinobacteria	Actinobacteria	Actinomycetales	Nocardioidaceae	unclassified	unclassified
RS	RSC1	Transient Enrichment	810959	Bacteria	Actinobacteria	Actinobacteria	Actinomycetales	Intrasporangiaceae	Knoellia	unclassified
RS	RSC1	Transient Enrichment	114389	Bacteria	Gemmatimonadetes	Gemmatimonadetes	Gemmatimonadales	Ellin5301	unclassified	unclassified
RS	RSC1	Transient Enrichment	225041	Bacteria	Chloroflexi	Chloroflexi	[Roseiflexales]	[Kouleothrixaceae]	unclassified	unclassified
RS	RSC1	Transient Enrichment	984895	Bacteria	Gemmatimonadetes	Gemmatimonadetes	Gemmatimonadales	Ellin5301	unclassified	unclassified
RS	RSC1	Transient Enrichment	782495	Bacteria	Gemmatimonadetes	Gemmatimonadetes	Gemmatimonadales	unclassified	unclassified	unclassified
RS	RSC1	Transient Enrichment	360530	Bacteria	Gemmatimonadetes	Gemmatimonadetes	Gemmatimonadales	Ellin5301	unclassified	unclassified
RS	RSC1	Transient Enrichment	105000	Bacteria	Gemmatimonadetes	Gemmatimonadetes	Gemmatimonadales	Ellin5301	unclassified	unclassified
RS	RSC1	Transient Enrichment	113004	Bacteria	Gemmatimonadetes	Gemmatimonadetes	Gemmatimonadales	Ellin5301	unclassified	unclassified
RS	RSC1	Transient Enrichment	839836	Bacteria	Gemmatimonadetes	Gemmatimonadetes	Gemmatimonadales	unclassified	unclassified	unclassified
RS	RSC1	Transient Enrichment	206951	Bacteria	Gemmatimonadetes	Gemmatimonadetes	Gemmatimonadales	Ellin5301	unclassified	unclassified
RS	RSC1	Transient Enrichment	536893	Bacteria	Gemmatimonadetes	Gemmatimonadetes	Gemmatimonadales	Ellin5301	unclassified	unclassified
RS	RSC1	Transient Enrichment	557467	Bacteria	Gemmatimonadetes	Gemmatimonadetes	Gemmatimonadales	Ellin5301	unclassified	unclassified
RS	RSC1	Transient Enrichment	215003	Bacteria	Actinobacteria	Acidimicrobiia	Acidimicrobiales	unclassified	unclassified	unclassified
RS	RSC1	Transient Enrichment	801268	Bacteria	Planctomycetes	Planctomycetia	Gemmatales	Isosphaeraceae	unclassified	unclassified
RS	RSC1	Transient Enrichment	1062748	Bacteria	Actinobacteria	Actinobacteria	Actinomycetales	Mycobacteriaceae	Mycobacterium	unclassified
RS	RSC1	Transient Enrichment	558911	Bacteria	Actinobacteria	Actinobacteria	Actinomycetales	Nocardioidaceae	Kribbella	unclassified
RS	RSC1	Transient Enrichment	1081815	Bacteria	Actinobacteria	Actinobacteria	Actinomycetales	Micrococcaceae	unclassified	unclassified
RS	RSC1	Transient Enrichment	996116	Bacteria	Actinobacteria	Actinobacteria	Actinomycetales	Nocardioidaceae	unclassified	unclassified
RS	RSC1	Transient Enrichment	1081618	Bacteria	Actinobacteria	Thermoleophilia	Solirubrobacterales	Patulibacteraceae	unclassified	unclassified
RS	RSC1	Transient Enrichment	997371	Bacteria	Actinobacteria	Actinobacteria	Actinomycetales	Nocardioidaceae	unclassified	unclassified
RS	RSC1	Transient Enrichment	835594	Bacteria	Proteobacteria	Alphaproteobacteria	Rhizobiales	Bradyrhizobiaceae	Balneimonas	unclassified
RS	RSC1	Transient Enrichment	1087611	Bacteria	Gemmatimonadetes	Gemmatimonadetes	Ellin5290	unclassified	unclassified	unclassified
RS	RSC1	Transient Enrichment	959195	Bacteria	Gemmatimonadetes	Gemmatimonadetes	Gemmatimonadales	Ellin5301	unclassified	unclassified
RS	RSC1	Transient Enrichment	837069	Bacteria	Actinobacteria	Actinobacteria	Actinomycetales	Streptomycetaceae	Streptomyces	unclassified
RS	RSC1	Transient Enrichment	868209	Bacteria	Actinobacteria	Acidimicrobiia	Acidimicrobiales	unclassified	unclassified	unclassified
RS	RSC1	Transient Enrichment	1106130	Bacteria	Actinobacteria	Actinobacteria	Actinomycetales	Streptomycetaceae	unclassified	unclassified
RS	RSC1	Transient Enrichment	719440	Bacteria	Actinobacteria	Acidimicrobiia	Acidimicrobiales	unclassified	unclassified	unclassified
RS	RSC1	Transient Enrichment	1000876	Bacteria	Actinobacteria	Actinobacteria	Actinomycetales	Nocardioidaceae	Nocardioides	unclassified
RS	RSC1	Transient Enrichment	238700	Bacteria	Actinobacteria	Rubrobacteria	Rubrobacterales	Rubrobacteraceae	Rubrobacter	unclassified
RS	RSC1	Transient Enrichment	4385104	Bacteria	Armatimonadetes	Chthonomonadetes	SJA-22	unclassified	unclassified	unclassified
RS	RSC1	Transient Enrichment	1024572	Bacteria	Actinobacteria	Acidimicrobiia	Acidimicrobiales	unclassified	unclassified	unclassified
RS	RSC1	Transient Enrichment	4370817	Bacteria	Gemmatimonadetes	Gemmatimonadetes	Gemmatimonadales	unclassified	unclassified	unclassified
RS	RSC1	Transient Enrichment	826497	Bacteria	Chloroflexi	unclassified	unclassified	unclassified	unclassified	unclassified
RS	RSC1	Transient Enrichment	824675	Bacteria	Bacteroidetes	[Saprospirae]	[Saprospirales]	Chitinophagaceae	unclassified	unclassified
RS	RSC1	Transient Enrichment	226395	Bacteria	Actinobacteria	Acidimicrobiia	Acidimicrobiales	unclassified	unclassified	unclassified
RS	RSC1	Transient Enrichment	235943	Bacteria	Actinobacteria	Thermoleophilia	Solirubrobacterales	Solirubrobacteraceae	unclassified	unclassified
RS	RSC1	Transient Enrichment	3116297	Bacteria	Proteobacteria	Deltaproteobacteria	Myxococcales	unclassified	unclassified	unclassified
RS	RSC1	Transient Enrichment	1435	Bacteria	Armatimonadetes	Chthonomonadetes	SJA-22	unclassified	unclassified	unclassified
RS	RSC1	Transient Enrichment	518927	Archaea	Crenarchaeota	MCG	pGrfC26	unclassified	unclassified	unclassified
RS	RSC1	Transient Enrichment	2345835	Bacteria	Actinobacteria	Acidimicrobiia	Acidimicrobiales	unclassified	unclassified	unclassified
RS	RSC1	Transient Enrichment	256507	Bacteria	Actinobacteria	Actinobacteria	Actinomycetales	Thermomonosporaceae	Actinomadura	vinacea
RS	RSC1	Transient Enrichment	4480593	Bacteria	Proteobacteria	Deltaproteobacteria	Myxococcales	Myxococcaceae	Anaeromyxobacter	unclassified
RS	RSC1	Transient Enrichment	612403	Bacteria	Gemmatimonadetes	Gemmatimonadetes	unclassified	unclassified	unclassified	unclassified
RS	RSC1	Transient Enrichment	905498	Bacteria	Acidobacteria	iii1-8	DS-18	unclassified	unclassified	unclassified
RS	RSC1	Transient Enrichment	1069076	Bacteria	Bacteroidetes	Cytophagia	Cytophagales	Cytophagaceae	Adhaeribacter	unclassified
RS	RSC1	Transient Enrichment	332725	Bacteria	Actinobacteria	Actinobacteria	Actinomycetales	unclassified	unclassified	unclassified
RS	RSC1	Transient Enrichment	1029463	Bacteria	Actinobacteria	Actinobacteria	Actinomycetales	Micromonosporaceae	unclassified	unclassified
RS	RSC1	Transient Enrichment	1037111	Bacteria	Bacteroidetes	[Saprospirae]	[Saprospirales]	Chitinophagaceae	Flavisolibacter	unclassified
RS	RSC1	Transient Enrichment	997544	Bacteria	Bacteroidetes	[Saprospirae]	[Saprospirales]	Chitinophagaceae	Flavisolibacter	unclassified
RS	RSC1	Transient Enrichment	982582	Bacteria	Proteobacteria	Gammaproteobacteria	Xanthomonadales	Xanthomonadaceae	Lysobacter	unclassified
RS	RSC1	Transient Enrichment	3334375	Bacteria	Actinobacteria	Thermoleophilia	Gaiellales	Gaiellaceae	unclassified	unclassified
RS	RSC1	Transient Enrichment	869089	Bacteria	Actinobacteria	Actinobacteria	Actinomycetales	Sporichthyaceae	unclassified	unclassified
RS	RSC1	Transient Enrichment	316151	Bacteria	Proteobacteria	Gammaproteobacteria	Xanthomonadales	Sinobacteraceae	unclassified	unclassified
RS	RSC1	Transient Enrichment	1039041	Bacteria	Actinobacteria	Actinobacteria	Actinomycetales	Sporichthyaceae	unclassified	unclassified
RS	RSC1	Transient Enrichment	1140357	Bacteria	Actinobacteria	Acidimicrobiia	Acidimicrobiales	unclassified	unclassified	unclassified
RS	RSC1	Transient Enrichment	268040	Bacteria	Actinobacteria	Actinobacteria	Actinomycetales	Streptomycetaceae	Streptomyces	lanatus
RS	RSC1	Transient Enrichment	1087325	Bacteria	Actinobacteria	Actinobacteria	Actinomycetales	Streptomycetaceae	unclassified	unclassified
RS	RSC1	Transient Enrichment	250148	Bacteria	Actinobacteria	Actinobacteria	Actinomycetales	Kineosporiaceae	unclassified	unclassified
RS	RSC1	Transient Enrichment	328081	Bacteria	Actinobacteria	Actinobacteria	Actinomycetales	Nocardioidaceae	unclassified	unclassified
RS	RSC1	Transient Enrichment	726273	Bacteria	Chloroflexi	Anaerolineae	SJA-15	unclassified	unclassified	unclassified
RS	RSC1	Transient Enrichment	112962	Bacteria	Chloroflexi	Chloroflexi	Herpetosiphonales	unclassified	unclassified	unclassified
RS	RSC1	Transient Enrichment	804735	Bacteria	Actinobacteria	Actinobacteria	Actinomycetales	Brevibacteriaceae	Brevibacterium	unclassified
RS	RSC1	Transient Enrichment	940630	Bacteria	Planctomycetes	Planctomycetia	Gemmatales	Isosphaeraceae	unclassified	unclassified
RS	RSC1	Transient Enrichment	795901	Bacteria	Gemmatimonadetes	Gemm-3	unclassified	unclassified	unclassified	unclassified
RS	RSC1	Transient Enrichment	1037355	Bacteria	Actinobacteria	Actinobacteria	Actinomycetales	Streptomycetaceae	Streptomyces	unclassified
RS	RSC1	Transient Enrichment	2591424	Bacteria	Proteobacteria	Deltaproteobacteria	Myxococcales	unclassified	unclassified	unclassified
RS	RSC1	Transient Enrichment	562332	Bacteria	Actinobacteria	Acidimicrobiia	Acidimicrobiales	unclassified	unclassified	unclassified
RS	RSC1	Transient Enrichment	969805	Bacteria	Proteobacteria	Alphaproteobacteria	Rhizobiales	Rhizobiaceae	Agrobacterium	unclassified
RS	RSC1	Transient Enrichment	535678	Bacteria	Actinobacteria	Actinobacteria	Actinomycetales	Streptomycetaceae	Amycolatopsis	coloradensis
RS	RSC1	Transient Enrichment	806201	Bacteria	Proteobacteria	Alphaproteobacteria	Rhizobiales	Phyllobacteriaceae	Mesorhizobium	unclassified
RS	RSC1	Transient Enrichment	1146	Archaea	Crenarchaeota	Thaumarchaeota	Nitrososphaerales	Nitrososphaeraceae	Candidatus Nitrososphaera	unclassified
RS	RSC1	Transient Enrichment	568461	Bacteria	Actinobacteria	Thermoleophilia	Gaiellales	Gaiellaceae	unclassified	unclassified
RS	RSC4	Persistent Depletion	246691	Bacteria	Proteobacteria	Betaproteobacteria	Methylophilales	Methylophilaceae	unclassified	unclassified
RS	RSC4	Persistent Depletion	234790	Bacteria	Proteobacteria	Deltaproteobacteria	Desulfovibrionales	Desulfovibrionaceae	Desulfovibrio	mexicanus
RS	RSC4	Persistent Depletion	236435	Bacteria	Proteobacteria	Betaproteobacteria	Rhodocyclales	Rhodocyclaceae	unclassified	unclassified
RS	RSC4	Persistent Depletion	169725	Bacteria	Proteobacteria	Betaproteobacteria	Rhodocyclales	Rhodocyclaceae	unclassified	unclassified
RS	RSC4	Persistent Depletion	822195	Bacteria	Proteobacteria	Deltaproteobacteria	Desulfuromonadales	Geobacteraceae	Geobacter	unclassified
RS	RSC4	Persistent Depletion	231136	Bacteria	Proteobacteria	Deltaproteobacteria	Desulfuromonadales	Geobacteraceae	Geobacter	unclassified
RS	RSC4	Persistent Depletion	540653	Bacteria	Firmicutes	Clostridia	Clostridiales	Peptococcaceae	unclassified	unclassified
RS	RSC4	Persistent Depletion	530591	Bacteria	Proteobacteria	Betaproteobacteria	Rhodocyclales	Rhodocyclaceae	unclassified	unclassified
RS	RSC4	Persistent Depletion	531901	Bacteria	Proteobacteria	Betaproteobacteria	Rhodocyclales	Rhodocyclaceae	unclassified	unclassified
RS	RSC4	Persistent Depletion	369022	Bacteria	Proteobacteria	Betaproteobacteria	Rhodocyclales	Rhodocyclaceae	unclassified	unclassified
RS	RSC4	Persistent Depletion	745157	Bacteria	Proteobacteria	Betaproteobacteria	Rhodocyclales	Rhodocyclaceae	unclassified	unclassified
RS	RSC4	Persistent Depletion	140200	Bacteria	Firmicutes	Clostridia	Clostridiales	Veillonellaceae	BSV43	unclassified
RS	RSC4	Persistent Depletion	512654	Bacteria	OP3	PBS-25	unclassified	unclassified	unclassified	unclassified
RS	RSC4	Persistent Depletion	553643	Bacteria	Acidobacteria	Holophagae	Holophagales	Holophagaceae	Geothrix	unclassified
RS	RSC4	Persistent Depletion	706547	Bacteria	Proteobacteria	Betaproteobacteria	Rhodocyclales	Rhodocyclaceae	unclassified	unclassified
RS	RSC4	Persistent Depletion	1108275	Bacteria	Proteobacteria	Betaproteobacteria	Burkholderiales	Comamonadaceae	Limnohabitans	unclassified
RS	RSC4	Persistent Depletion	527719	Bacteria	Proteobacteria	Deltaproteobacteria	Desulfuromonadales	Geobacteraceae	Geobacter	unclassified
RS	RSC4	Persistent Depletion	820412	Bacteria	Proteobacteria	Deltaproteobacteria	Desulfuromonadales	Geobacteraceae	Geobacter	unclassified
RS	RSC4	Persistent Depletion	705559	Bacteria	Proteobacteria	Betaproteobacteria	Rhodocyclales	Rhodocyclaceae	unclassified	unclassified
RS	RSC4	Persistent Depletion	1105514	Bacteria	Proteobacteria	Betaproteobacteria	Rhodocyclales	Rhodocyclaceae	Dechloromonas	unclassified
RS	RSC4	Persistent Depletion	626739	Bacteria	Proteobacteria	Betaproteobacteria	Rhodocyclales	Rhodocyclaceae	Z-35	unclassified
RS	RSC4	Persistent Depletion	4306131	Bacteria	Acidobacteria	Acidobacteriia	Acidobacteriales	Koribacteraceae	unclassified	unclassified
RS	RSC4	Persistent Depletion	2079834	Bacteria	Acidobacteria	Acidobacteriia	Acidobacteriales	Koribacteraceae	unclassified	unclassified
RS	RSC4	Persistent Depletion	542613	Bacteria	Acidobacteria	BPC102	B110	unclassified	unclassified	unclassified
RS	RSC4	Persistent Depletion	4372979	Bacteria	Nitrospirae	Nitrospira	Nitrospirales	FW	4-29	unclassified
RS	RSC4	Persistent Depletion	530796	Bacteria	WS4	unclassified	unclassified	unclassified	unclassified	unclassified
RS	RSC4	Persistent Depletion	160786	Bacteria	Nitrospirae	Nitrospira	Nitrospirales	FW	4-29	unclassified
RS	RSC4	Persistent Depletion	536436	Bacteria	Nitrospirae	Nitrospira	Nitrospirales	0319-6A21	unclassified	unclassified
RS	RSC4	Persistent Depletion	3954601	Bacteria	Bacteroidetes	Bacteroidia	Bacteroidales	unclassified	unclassified	unclassified
RS	RSC4	Persistent Depletion	141173	Bacteria	Bacteroidetes	Bacteroidia	Bacteroidales	unclassified	unclassified	unclassified
RS	RSC4	Persistent Depletion	276270	Bacteria	Proteobacteria	Alphaproteobacteria	Rhodospirillales	Rhodospirillaceae	Magnetospirillum	unclassified
RS	RSC4	Persistent Depletion	109573	Bacteria	Proteobacteria	Deltaproteobacteria	Desulfuromonadales	Geobacteraceae	Geobacter	unclassified
RS	RSC4	Persistent Depletion	588703	Bacteria	Proteobacteria	Deltaproteobacteria	Desulfuromonadales	Geobacteraceae	Geobacter	unclassified
RS	RSC4	Persistent Depletion	590693	Bacteria	Proteobacteria	Deltaproteobacteria	Desulfuromonadales	Geobacteraceae	Geobacter	unclassified
RS	RSC4	Persistent Depletion	148273	Bacteria	Proteobacteria	Deltaproteobacteria	Myxococcales	Myxococcaceae	Anaeromyxobacter	unclassified
RS	RSC4	Persistent Depletion	586356	Bacteria	Firmicutes	Clostridia	Clostridiales	[Mogibacteriaceae]	Anaerovorax	unclassified
RS	RSC4	Persistent Depletion	4430284	Bacteria	Proteobacteria	Deltaproteobacteria	Desulfuromonadales	Geobacteraceae	Geobacter	unclassified
RS	RSC4	Persistent Depletion	143933	Bacteria	Proteobacteria	Deltaproteobacteria	Desulfuromonadales	Geobacteraceae	Geobacter	unclassified
RS	RSC4	Persistent Depletion	4295795	Bacteria	Proteobacteria	Deltaproteobacteria	Desulfuromonadales	Geobacteraceae	Geobacter	unclassified
RS	RSC4	Persistent Depletion	81438	Bacteria	Proteobacteria	Deltaproteobacteria	Desulfuromonadales	Geobacteraceae	Geobacter	unclassified
RS	RSC4	Persistent Depletion	1725261	Bacteria	Proteobacteria	Deltaproteobacteria	Desulfuromonadales	Geobacteraceae	Geobacter	unclassified
RS	RSC4	Persistent Depletion	579757	Bacteria	Proteobacteria	Deltaproteobacteria	Desulfuromonadales	Geobacteraceae	Geobacter	unclassified
RS	RSC4	Persistent Depletion	589327	Bacteria	Acidobacteria	Acidobacteriia	Acidobacteriales	Koribacteraceae	unclassified	unclassified
RS	RSC4	Persistent Depletion	179879	Bacteria	Proteobacteria	Deltaproteobacteria	Myxococcales	Myxococcaceae	Anaeromyxobacter	unclassified
RS	RSC4	Persistent Depletion	583051	Bacteria	Proteobacteria	Deltaproteobacteria	Myxococcales	Myxococcaceae	Anaeromyxobacter	unclassified
RS	RSC4	Persistent Depletion	592970	Bacteria	Proteobacteria	Deltaproteobacteria	Myxococcales	Myxococcaceae	Anaeromyxobacter	unclassified
RS	RSC4	Persistent Depletion	909520	Bacteria	Proteobacteria	Deltaproteobacteria	Myxococcales	Myxococcaceae	Anaeromyxobacter	unclassified
RS	RSC4	Persistent Depletion	875211	Bacteria	Bacteroidetes	Bacteroidia	Bacteroidales	unclassified	unclassified	unclassified
RS	RSC4	Persistent Depletion	738779	Bacteria	Proteobacteria	Betaproteobacteria	Rhodocyclales	Rhodocyclaceae	Dok59	unclassified
RS	RSC4	Persistent Depletion	143744	Bacteria	Bacteroidetes	Bacteroidia	Bacteroidales	unclassified	unclassified	unclassified
RS	RSC4	Persistent Depletion	335316	Bacteria	Firmicutes	Clostridia	Clostridiales	Veillonellaceae	unclassified	unclassified
RS	RSC3	NA	225453	Bacteria	Proteobacteria	Gammaproteobacteria	Alteromonadales	Alteromonadaceae	Cellvibrio	unclassified
RS	RSC3	NA	719367	Bacteria	Proteobacteria	Betaproteobacteria	Burkholderiales	Comamonadaceae	unclassified	unclassified
RS	RSC3	NA	7346	Bacteria	Proteobacteria	Betaproteobacteria	Burkholderiales	Oxalobacteraceae	Paucimonas	lemoignei
RS	RSC3	NA	510182	Bacteria	Proteobacteria	Betaproteobacteria	Burkholderiales	Oxalobacteraceae	unclassified	unclassified
RS	RSC3	NA	586230	Bacteria	Proteobacteria	Betaproteobacteria	Burkholderiales	Oxalobacteraceae	unclassified	unclassified
RS	RSC3	NA	4480305	Bacteria	Firmicutes	Clostridia	Clostridiales	Veillonellaceae	Sporomusa	unclassified
RS	RSC3	NA	833216	Bacteria	Firmicutes	Clostridia	Clostridiales	Lachnospiraceae	Coprococcus	unclassified
RS	RSC3	NA	568229	Bacteria	Proteobacteria	Betaproteobacteria	Rhodocyclales	Rhodocyclaceae	Azospira	unclassified
RS	RSC3	NA	730387	Bacteria	Proteobacteria	Betaproteobacteria	Rhodocyclales	Rhodocyclaceae	unclassified	unclassified
RS	RSC3	NA	788334	Bacteria	Proteobacteria	Betaproteobacteria	Rhodocyclales	Rhodocyclaceae	Azoarcus	unclassified
RS	RSC3	NA	231447	Bacteria	Verrucomicrobia	Opitutae	Opitutales	Opitutaceae	Opitutus	unclassified
RS	RSC3	NA	4414809	Bacteria	Verrucomicrobia	Opitutae	Opitutales	Opitutaceae	unclassified	unclassified
RS	RSC3	NA	178178	Bacteria	Cyanobacteria	Nostocophycideae	Nostocales	Nostocaceae	Gloeotrichia	unclassified
RS	RSC3	NA	237315	Bacteria	Cyanobacteria	Nostocophycideae	Nostocales	Nostocaceae	unclassified	unclassified
RS	RSC3	NA	674370	Bacteria	Proteobacteria	Alphaproteobacteria	Rhizobiales	Hyphomicrobiaceae	Devosia	unclassified
RS	RSC3	NA	209202	Bacteria	Firmicutes	Bacilli	Bacillales	Paenibacillaceae	Cohnella	unclassified
RS	RSC3	NA	532331	Bacteria	Bacteroidetes	Cytophagia	Cytophagales	Cytophagaceae	unclassified	unclassified
RS	RSC3	NA	4439656	Bacteria	Proteobacteria	Betaproteobacteria	Burkholderiales	Comamonadaceae	Tepidimonas	unclassified
RS	RSC3	NA	593171	Bacteria	Proteobacteria	Alphaproteobacteria	Rhodospirillales	Rhodospirillaceae	Phaeospirillum	fulvum
RS	RSC3	NA	4336221	Bacteria	Chloroflexi	Anaerolineae	SBR1031	SJA-101	unclassified	unclassified
RS	RSC3	NA	1126475	Bacteria	Bacteroidetes	Cytophagia	Cytophagales	Cytophagaceae	Emticicia	unclassified
RS	RSC3	NA	4439805	Bacteria	Fibrobacteres	Fibrobacteria	258ds10	unclassified	unclassified	unclassified
RS	RSC3	NA	813906	Bacteria	Proteobacteria	Betaproteobacteria	SBla14	unclassified	unclassified	unclassified
RS	RSC3	NA	635410	Bacteria	Proteobacteria	Betaproteobacteria	Burkholderiales	Comamonadaceae	unclassified	unclassified
RS	RSC3	NA	1052930	Bacteria	Proteobacteria	Gammaproteobacteria	Xanthomonadales	Xanthomonadaceae	Luteimonas	unclassified
RS	RSC3	NA	816505	Bacteria	Acidobacteria	Acidobacteria-6	iii1-15	unclassified	unclassified	unclassified
RS	RSC3	NA	1082846	Bacteria	Actinobacteria	Actinobacteria	Actinomycetales	Streptomycetaceae	Streptomyces	unclassified
RS	RSC3	NA	113378	Bacteria	Verrucomicrobia	Verrucomicrobiae	Verrucomicrobiales	Verrucomicrobiaceae	Prosthecobacter	unclassified
RS	RSC3	NA	1078248	Bacteria	Firmicutes	Bacilli	Bacillales	Bacillaceae	Bacillus	unclassified
RS	RSC3	NA	852722	Bacteria	Proteobacteria	Deltaproteobacteria	Spirobacillales	unclassified	unclassified	unclassified
RS	RSC3	NA	815406	Bacteria	Proteobacteria	Betaproteobacteria	Rhodocyclales	Rhodocyclaceae	unclassified	unclassified
RS	RSC3	NA	1120118	Bacteria	Proteobacteria	Gammaproteobacteria	Xanthomonadales	Xanthomonadaceae	unclassified	unclassified
RS	RSC3	NA	1139285	Bacteria	Proteobacteria	Alphaproteobacteria	Sphingomonadales	Sphingomonadaceae	unclassified	unclassified
RS	RSC3	NA	697479	Bacteria	Proteobacteria	Betaproteobacteria	Burkholderiales	Comamonadaceae	Tepidimonas	unclassified
RS	RSC3	NA	247767	Bacteria	Verrucomicrobia	Opitutae	unclassified	unclassified	unclassified	unclassified
RS	RSC3	NA	587972	Bacteria	Proteobacteria	Deltaproteobacteria	Desulfobacterales	Desulfobulbaceae	unclassified	unclassified
RS	RSC3	NA	565375	Bacteria	Proteobacteria	Deltaproteobacteria	Myxococcales	unclassified	unclassified	unclassified
RS	RSC3	NA	694856	Bacteria	Proteobacteria	Alphaproteobacteria	Rhizobiales	Methylocystaceae	Pleomorphomonas	unclassified
RS	RSC3	NA	931643	Bacteria	Proteobacteria	Betaproteobacteria	Burkholderiales	Comamonadaceae	Acidovorax	unclassified
RS	RSC3	NA	114176	Bacteria	Chloroflexi	Chloroflexi	Chloroflexales	Oscillochloridaceae	Oscillochloris	unclassified
RS	RSC3	NA	792868	Bacteria	Proteobacteria	Betaproteobacteria	Burkholderiales	Oxalobacteraceae	unclassified	unclassified
RS	RSC3	NA	846710	Bacteria	Proteobacteria	Betaproteobacteria	Burkholderiales	Comamonadaceae	unclassified	unclassified
RS	RSC3	NA	888396	Bacteria	Proteobacteria	Betaproteobacteria	Burkholderiales	Comamonadaceae	Hydrogenophaga	unclassified
RS	RSC3	NA	1020921	Bacteria	Bacteroidetes	Flavobacteriia	Flavobacteriales	Flavobacteriaceae	Flavobacterium	succinicans
RS	RSC3	NA	1561273	Bacteria	Planctomycetes	BD7-11	unclassified	unclassified	unclassified	unclassified
RS	RSC3	NA	1106617	Bacteria	Proteobacteria	Betaproteobacteria	Burkholderiales	Comamonadaceae	unclassified	unclassified
RS	RSC3	NA	813418	Bacteria	Proteobacteria	Alphaproteobacteria	Sphingomonadales	Sphingomonadaceae	unclassified	unclassified
RS	RSC3	NA	114049	Bacteria	Chloroflexi	Anaerolineae	SBR1031	A4b	unclassified	unclassified
RS	RSC3	NA	72153	Bacteria	Proteobacteria	Alphaproteobacteria	Sphingomonadales	Sphingomonadaceae	unclassified	unclassified
RS	RSC3	NA	952203	Bacteria	Proteobacteria	Betaproteobacteria	Burkholderiales	Oxalobacteraceae	unclassified	unclassified
RS	RSC3	NA	1074016	Bacteria	Proteobacteria	Betaproteobacteria	Burkholderiales	Oxalobacteraceae	unclassified	unclassified
RS	RSC3	NA	759624	Bacteria	Proteobacteria	Betaproteobacteria	Burkholderiales	Oxalobacteraceae	unclassified	unclassified
RS	RSC3	NA	1049387	Bacteria	Proteobacteria	Gammaproteobacteria	Xanthomonadales	Xanthomonadaceae	Pseudoxanthomonas	mexicana
RS	RSC3	NA	882681	Bacteria	Bacteroidetes	[Saprospirae]	[Saprospirales]	Chitinophagaceae	unclassified	unclassified
RS	RSC3	NA	249472	Bacteria	Chloroflexi	Anaerolineae	SBR1031	A4b	unclassified	unclassified
RS	RSC3	NA	570086	Bacteria	Bacteroidetes	Flavobacteriia	Flavobacteriales	Cryomorphaceae	Fluviicola	unclassified
RS	RSC2	Transient Depletion	822913	Bacteria	Proteobacteria	Alphaproteobacteria	Rhodospirillales	Rhodospirillaceae	unclassified	unclassified
RS	RSC2	Transient Depletion	159655	Bacteria	Bacteroidetes	Cytophagia	Cytophagales	Cytophagaceae	unclassified	unclassified
RS	RSC2	Transient Depletion	239407	Bacteria	Proteobacteria	Deltaproteobacteria	Myxococcales	unclassified	unclassified	unclassified
RS	RSC2	Transient Depletion	783660	Bacteria	Acidobacteria	Acidobacteriia	Acidobacteriales	Koribacteraceae	Candidatus Koribacter	unclassified
RS	RSC2	Transient Depletion	100640	Bacteria	Proteobacteria	Betaproteobacteria	IS-44	unclassified	unclassified	unclassified
RS	RSC2	Transient Depletion	276586	Bacteria	Elusimicrobia	Elusimicrobia	IIb	unclassified	unclassified	unclassified
RS	RSC2	Transient Depletion	775149	Bacteria	Proteobacteria	Gammaproteobacteria	Xanthomonadales	Sinobacteraceae	unclassified	unclassified
RS	RSC2	Transient Depletion	803752	Bacteria	Proteobacteria	Gammaproteobacteria	Xanthomonadales	Xanthomonadaceae	unclassified	unclassified
RS	RSC2	Transient Depletion	4331657	Bacteria	Gemmatimonadetes	Gemm-1	unclassified	unclassified	unclassified	unclassified
RS	RSC2	Transient Depletion	2077427	Bacteria	Acidobacteria	Acidobacteria-6	iii1-15	RB40	unclassified	unclassified
RS	RSC2	Transient Depletion	4368880	Bacteria	Planctomycetes	OM190	agg27	unclassified	unclassified	unclassified
RS	RSC2	Transient Depletion	154699	Bacteria	Proteobacteria	Deltaproteobacteria	Myxococcales	Nannocystaceae	Plesiocystis	unclassified
RS	RSC2	Transient Depletion	144253	Bacteria	WS3	PRR-12	Sediment-1	unclassified	unclassified	unclassified
RS	RSC2	Transient Depletion	750642	Bacteria	WS3	PRR-12	LD1-PA13	unclassified	unclassified	unclassified
RS	RSC2	Transient Depletion	4302799	Bacteria	Proteobacteria	Alphaproteobacteria	Rhodospirillales	Rhodospirillaceae	unclassified	unclassified
RS	RSC2	Transient Depletion	813043	Bacteria	Acidobacteria	AT-s54	unclassified	unclassified	unclassified	unclassified
RS	RSC2	Transient Depletion	1105652	Bacteria	Nitrospirae	Nitrospira	Nitrospirales	0319-6A21	unclassified	unclassified
RS	RSC2	Transient Depletion	327042	Bacteria	Nitrospirae	Nitrospira	Nitrospirales	0319-6A21	unclassified	unclassified
RS	RSC2	Transient Depletion	331521	Bacteria	Nitrospirae	Nitrospira	Nitrospirales	0319-6A21	unclassified	unclassified
RS	RSC2	Transient Depletion	539866	Bacteria	Proteobacteria	Gammaproteobacteria	Thiotrichales	Piscirickettsiaceae	unclassified	unclassified
RS	RSC2	Transient Depletion	513055	Bacteria	Proteobacteria	Gammaproteobacteria	Xanthomonadales	Sinobacteraceae	Steroidobacter	unclassified
RS	RSC2	Transient Depletion	813885	Bacteria	Proteobacteria	Betaproteobacteria	MND1	unclassified	unclassified	unclassified
RS	RSC2	Transient Depletion	1044436	Bacteria	Proteobacteria	Deltaproteobacteria	Syntrophobacterales	Syntrophobacteraceae	unclassified	unclassified
RS	RSC2	Transient Depletion	547148	Bacteria	Gemmatimonadetes	Gemm-1	unclassified	unclassified	unclassified	unclassified
RS	RSC2	Transient Depletion	1857346	Bacteria	Acidobacteria	Acidobacteriia	Acidobacteriales	Koribacteraceae	unclassified	unclassified
RS	RSC2	Transient Depletion	794280	Bacteria	Gemmatimonadetes	Gemm-1	unclassified	unclassified	unclassified	unclassified
RS	RSC2	Transient Depletion	154220	Bacteria	Chloroflexi	Anaerolineae	SBR1031	oc28	unclassified	unclassified
RS	RSC2	Transient Depletion	113334	Bacteria	WS3	PRR-12	Sediment-1	unclassified	unclassified	unclassified
RS	RSC2	Transient Depletion	358590	Bacteria	Gemmatimonadetes	Gemm-1	unclassified	unclassified	unclassified	unclassified
RS	RSC2	Transient Depletion	630099	Bacteria	Acidobacteria	Acidobacteria-6	iii1-15	unclassified	unclassified	unclassified
RS	RSC2	Transient Depletion	128109	Bacteria	Acidobacteria	EC1113	unclassified	unclassified	unclassified	unclassified
RS	RSC2	Transient Depletion	541741	Bacteria	Acidobacteria	Acidobacteria-6	iii1-15	unclassified	unclassified	unclassified
RS	RSC2	Transient Depletion	814232	Bacteria	Acidobacteria	Acidobacteria-6	iii1-15	unclassified	unclassified	unclassified
RS	RSC2	Transient Depletion	552186	Bacteria	Verrucomicrobia	[Pedosphaerae]	[Pedosphaerales]	unclassified	unclassified	unclassified
RS	RSC2	Transient Depletion	328951	Bacteria	Nitrospirae	Nitrospira	Nitrospirales	Nitrospiraceae	Nitrospira	unclassified
RS	RSC2	Transient Depletion	810855	Bacteria	Gemmatimonadetes	Gemm-1	unclassified	unclassified	unclassified	unclassified
RS	RSC2	Transient Depletion	324366	Bacteria	Gemmatimonadetes	Gemmatimonadetes	KD8-87	unclassified	unclassified	unclassified
RS	RSC2	Transient Depletion	3498470	Bacteria	Gemmatimonadetes	Gemm-1	unclassified	unclassified	unclassified	unclassified
RS	RSC2	Transient Depletion	222985	Bacteria	Acidobacteria	Acidobacteriia	Acidobacteriales	Koribacteraceae	unclassified	unclassified
RS	RSC2	Transient Depletion	4366781	Bacteria	Acidobacteria	[Chloracidobacteria]	RB41	Ellin6075	unclassified	unclassified
RS	RSC2	Transient Depletion	354224	Bacteria	Acidobacteria	Acidobacteriia	Acidobacteriales	Koribacteraceae	unclassified	unclassified
RS	RSC2	Transient Depletion	1016118	Bacteria	Proteobacteria	Deltaproteobacteria	Myxococcales	unclassified	unclassified	unclassified
RS	RSC2	Transient Depletion	694781	Bacteria	Proteobacteria	Betaproteobacteria	MND1	unclassified	unclassified	unclassified
RS	RSC2	Transient Depletion	222649	Bacteria	Proteobacteria	Betaproteobacteria	MND1	unclassified	unclassified	unclassified
RS	RSC2	Transient Depletion	4402996	Bacteria	Acidobacteria	RB25	unclassified	unclassified	unclassified	unclassified
RS	RSC2	Transient Depletion	4386766	Bacteria	Proteobacteria	Betaproteobacteria	unclassified	unclassified	unclassified	unclassified
RS	RSC2	Transient Depletion	671147	Bacteria	Proteobacteria	Alphaproteobacteria	Rhodospirillales	Rhodospirillaceae	unclassified	unclassified
RS	RSC2	Transient Depletion	1053194	Bacteria	Proteobacteria	Gammaproteobacteria	Xanthomonadales	Sinobacteraceae	unclassified	unclassified
RS	RSC2	Transient Depletion	281360	Bacteria	Proteobacteria	Alphaproteobacteria	Rhodospirillales	Rhodospirillaceae	unclassified	unclassified
RS	RSC2	Transient Depletion	811424	Bacteria	Verrucomicrobia	Opitutae	Opitutales	Opitutaceae	unclassified	unclassified
RS	RSC2	Transient Depletion	575467	Bacteria	Proteobacteria	Betaproteobacteria	MND1	unclassified	unclassified	unclassified
RS	RSC2	Transient Depletion	710123	Bacteria	Proteobacteria	Deltaproteobacteria	Myxococcales	unclassified	unclassified	unclassified
RS	RSC2	Transient Depletion	533242	Bacteria	Acidobacteria	Acidobacteria-6	iii1-15	RB40	unclassified	unclassified
RS	RSC2	Transient Depletion	699318	Bacteria	Proteobacteria	Alphaproteobacteria	Sphingomonadales	Sphingomonadaceae	unclassified	unclassified
RS	RSC2	Transient Depletion	3116364	Bacteria	Acidobacteria	Acidobacteriia	Acidobacteriales	Koribacteraceae	Candidatus Koribacter	unclassified
RS	RSC2	Transient Depletion	538428	Bacteria	Acidobacteria	Acidobacteria-6	iii1-15	RB40	unclassified	unclassified
RS	RSC2	Transient Depletion	4393265	Bacteria	Proteobacteria	Betaproteobacteria	MND1	unclassified	unclassified	unclassified
RS	RSC2	Transient Depletion	2714250	Bacteria	Acidobacteria	Acidobacteria-6	iii1-15	unclassified	unclassified	unclassified
RS	RSC2	Transient Depletion	534686	Bacteria	Proteobacteria	Betaproteobacteria	MND1	unclassified	unclassified	unclassified
RS	RSC2	Transient Depletion	1141158	Bacteria	Planctomycetes	BD7-11	unclassified	unclassified	unclassified	unclassified
RS	RSC2	Transient Depletion	233959	Bacteria	Proteobacteria	Betaproteobacteria	MND1	unclassified	unclassified	unclassified
RS	RSC2	Transient Depletion	847358	Bacteria	Gemmatimonadetes	Gemm-1	unclassified	unclassified	unclassified	unclassified
RS	RSC2	Transient Depletion	1089939	Bacteria	Proteobacteria	Deltaproteobacteria	Myxococcales	unclassified	unclassified	unclassified
RS	RSC2	Transient Depletion	649954	Bacteria	Acidobacteria	Acidobacteriia	Acidobacteriales	Koribacteraceae	unclassified	unclassified
RS	RSC2	Transient Depletion	238704	Bacteria	Planctomycetes	OM190	agg27	unclassified	unclassified	unclassified
RS	RSC2	Transient Depletion	983648	Bacteria	Proteobacteria	Gammaproteobacteria	Alteromonadales	211ds20	unclassified	unclassified
RS	RSC2	Transient Depletion	812210	Bacteria	Acidobacteria	Acidobacteriia	Acidobacteriales	Koribacteraceae	Candidatus Koribacter	unclassified
RS	RSC2	Transient Depletion	111105	Bacteria	Nitrospirae	Nitrospira	Nitrospirales	Nitrospiraceae	Nitrospira	unclassified
RS	RSC2	Transient Depletion	311659	Bacteria	Nitrospirae	Nitrospira	Nitrospirales	0319-6A21	unclassified	unclassified
RS	RSC2	Transient Depletion	3809681	Bacteria	Proteobacteria	Deltaproteobacteria	Myxococcales	unclassified	unclassified	unclassified
RS	RSC2	Transient Depletion	253155	Bacteria	WS3	PRR-12	Sediment-1	unclassified	unclassified	unclassified
RS	RSC2	Transient Depletion	586031	Bacteria	WS3	PRR-12	Sediment-1	PRR-10	unclassified	unclassified
RS	RSC2	Transient Depletion	250674	Bacteria	Acidobacteria	Acidobacteriia	Acidobacteriales	Koribacteraceae	Candidatus Koribacter	unclassified
RS	RSC2	Transient Depletion	4306228	Bacteria	Acidobacteria	Acidobacteriia	Acidobacteriales	Koribacteraceae	Candidatus Koribacter	unclassified
RS	RSC2	Transient Depletion	1147608	Bacteria	Acidobacteria	Acidobacteriia	Acidobacteriales	Koribacteraceae	unclassified	unclassified
RS	RSC2	Transient Depletion	535450	Bacteria	Acidobacteria	Acidobacteriia	Acidobacteriales	Koribacteraceae	unclassified	unclassified
RS	RSC2	Transient Depletion	567399	Bacteria	Acidobacteria	Acidobacteria-6	iii1-15	unclassified	unclassified	unclassified
RS	RSC2	Transient Depletion	223904	Bacteria	Acidobacteria	Acidobacteriia	Acidobacteriales	Koribacteraceae	Candidatus Koribacter	unclassified
RS	RSC2	Transient Depletion	615907	Bacteria	Acidobacteria	Acidobacteriia	Acidobacteriales	Koribacteraceae	Candidatus Koribacter	unclassified
RS	RSC2	Transient Depletion	832844	Bacteria	Proteobacteria	Deltaproteobacteria	Myxococcales	Myxococcaceae	unclassified	unclassified
RS	RSC2	Transient Depletion	849683	Bacteria	Proteobacteria	Deltaproteobacteria	Myxococcales	Myxococcaceae	unclassified	unclassified
RS	RSC2	Transient Depletion	224740	Bacteria	Proteobacteria	Deltaproteobacteria	Myxococcales	Myxococcaceae	unclassified	unclassified
RS	RSC2	Transient Depletion	4458222	Bacteria	Proteobacteria	Deltaproteobacteria	Myxococcales	Myxococcaceae	unclassified	unclassified
RS	RSC2	Transient Depletion	211929	Bacteria	Acidobacteria	Acidobacteriia	Acidobacteriales	Koribacteraceae	unclassified	unclassified
RS	RSC2	Transient Depletion	2618787	Bacteria	Acidobacteria	Acidobacteriia	Acidobacteriales	Koribacteraceae	unclassified	unclassified
RS	RSC2	Transient Depletion	1118409	Bacteria	Proteobacteria	Deltaproteobacteria	Myxococcales	unclassified	unclassified	unclassified
RS	RSC2	Transient Depletion	542734	Bacteria	Proteobacteria	Deltaproteobacteria	Myxococcales	unclassified	unclassified	unclassified
RS	RSC2	Transient Depletion	748070	Bacteria	Acidobacteria	Acidobacteria-6	iii1-15	unclassified	unclassified	unclassified
RS	RSC2	Transient Depletion	2068089	Bacteria	Acidobacteria	Acidobacteria-6	CCU21	unclassified	unclassified	unclassified
RS	RSC2	Transient Depletion	1107738	Bacteria	Acidobacteria	Acidobacteria-6	iii1-15	unclassified	unclassified	unclassified
RS	RSC2	Transient Depletion	313245	Bacteria	Acidobacteria	Acidobacteria-6	iii1-15	unclassified	unclassified	unclassified
RS	RSC2	Transient Depletion	511514	Bacteria	Gemmatimonadetes	Gemmatimonadetes	Ellin5290	unclassified	unclassified	unclassified
RS	RSC2	Transient Depletion	728640	Bacteria	Acidobacteria	Acidobacteria-6	iii1-15	unclassified	unclassified	unclassified
RS	RSC2	Transient Depletion	339544	Bacteria	Acidobacteria	[Chloracidobacteria]	11-24	unclassified	unclassified	unclassified
RS	RSC2	Transient Depletion	655278	Bacteria	Proteobacteria	Betaproteobacteria	MND1	unclassified	unclassified	unclassified
RS	RSC2	Transient Depletion	361264	Bacteria	Acidobacteria	Acidobacteria-6	iii1-15	unclassified	unclassified	unclassified
RS	RSC2	Transient Depletion	587313	Bacteria	Acidobacteria	Acidobacteria-6	iii1-15	unclassified	unclassified	unclassified
RS	RSC2	Transient Depletion	274279	Bacteria	Chloroflexi	Anaerolineae	CFB-26	unclassified	unclassified	unclassified
RS	RSC2	Transient Depletion	634364	Bacteria	WS3	PRR-12	Sediment-1	PRR-10	unclassified	unclassified
RS	RSC2	Transient Depletion	235651	Bacteria	Verrucomicrobia	[Pedosphaerae]	[Pedosphaerales]	OPB35	unclassified	unclassified
RS	RSC2	Transient Depletion	585878	Bacteria	WS3	PRR-12	Sediment-1	unclassified	unclassified	unclassified
RS	RSC2	Transient Depletion	1140307	Bacteria	Planctomycetes	Phycisphaerae	WD2101	unclassified	unclassified	unclassified
RS	RSC2	Transient Depletion	577068	Bacteria	Proteobacteria	Betaproteobacteria	MND1	unclassified	unclassified	unclassified
RS	RSC2	Transient Depletion	1108685	Bacteria	Nitrospirae	Nitrospira	Nitrospirales	0319-6A21	unclassified	unclassified
RS	RSC2	Transient Depletion	552989	Bacteria	Proteobacteria	Betaproteobacteria	MND1	unclassified	unclassified	unclassified
RS	RSC2	Transient Depletion	913264	Bacteria	Proteobacteria	Deltaproteobacteria	Myxococcales	Myxococcaceae	unclassified	unclassified
RS	RSC2	Transient Depletion	812105	Bacteria	WS3	PRR-12	Sediment-1	PRR-10	unclassified	unclassified
RS	RSC2	Transient Depletion	1144575	Bacteria	Proteobacteria	Deltaproteobacteria	Myxococcales	unclassified	unclassified	unclassified
RS	RSC2	Transient Depletion	791077	Bacteria	Acidobacteria	Acidobacteriia	Acidobacteriales	Koribacteraceae	unclassified	unclassified
RS	RSC2	Transient Depletion	895220	Bacteria	Proteobacteria	Betaproteobacteria	Burkholderiales	Comamonadaceae	Ramlibacter	unclassified
RS	RSC2	Transient Depletion	937372	Bacteria	Proteobacteria	Betaproteobacteria	Burkholderiales	Comamonadaceae	Ramlibacter	unclassified
RS	RSC2	Transient Depletion	810167	Bacteria	Proteobacteria	Betaproteobacteria	Burkholderiales	Comamonadaceae	Methylibium	unclassified
RS	RSC2	Transient Depletion	1108726	Bacteria	Proteobacteria	Betaproteobacteria	Burkholderiales	Comamonadaceae	Methylibium	unclassified
RS	RSC2	Transient Depletion	940737	Bacteria	Proteobacteria	Betaproteobacteria	Burkholderiales	Comamonadaceae	Aquincola	tertiaricarbonis
RS	RSC2	Transient Depletion	792574	Bacteria	Verrucomicrobia	[Pedosphaerae]	[Pedosphaerales]	unclassified	unclassified	unclassified
RS	RSC2	Transient Depletion	4366540	Bacteria	Firmicutes	Clostridia	Clostridiales	Lachnospiraceae	Epulopiscium	unclassified
RS	RSC2	Transient Depletion	637184	Bacteria	Acidobacteria	Acidobacteria-6	iii1-15	unclassified	unclassified	unclassified
RS	RSC2	Transient Depletion	338196	Bacteria	Acidobacteria	Acidobacteria-6	iii1-15	unclassified	unclassified	unclassified
RS	RSC2	Transient Depletion	811435	Bacteria	Acidobacteria	Acidobacteria-6	iii1-15	unclassified	unclassified	unclassified
RS	RSC2	Transient Depletion	722016	Bacteria	Bacteroidetes	[Saprospirae]	[Saprospirales]	Chitinophagaceae	unclassified	unclassified
RS	RSC2	Transient Depletion	818239	Bacteria	Proteobacteria	Betaproteobacteria	Rhodocyclales	Rhodocyclaceae	unclassified	unclassified
RS	RSC2	Transient Depletion	1128107	Bacteria	WS3	PRR-12	Sediment-1	unclassified	unclassified	unclassified
RS	RSC2	Transient Depletion	856926	Bacteria	Verrucomicrobia	[Pedosphaerae]	[Pedosphaerales]	unclassified	unclassified	unclassified
RS	RSC2	Transient Depletion	566646	Bacteria	Acidobacteria	iii1-8	unclassified	unclassified	unclassified	unclassified
RS	RSC2	Transient Depletion	731707	Bacteria	Proteobacteria	Betaproteobacteria	Burkholderiales	Comamonadaceae	Xylophilus	ampelinus
RS	RSC2	Transient Depletion	822571	Bacteria	Verrucomicrobia	[Pedosphaerae]	[Pedosphaerales]	unclassified	unclassified	unclassified
ES	ESC3	Semi-Persistent Enrichment	835543	Bacteria	Actinobacteria	Actinobacteria	Actinomycetales	Micromonosporaceae	Actinoplanes	unclassified
ES	ESC3	Semi-Persistent Enrichment	940828	Bacteria	Actinobacteria	Actinobacteria	Actinomycetales	Micromonosporaceae	unclassified	unclassified
ES	ESC3	Semi-Persistent Enrichment	1033380	Bacteria	Actinobacteria	Actinobacteria	Actinomycetales	Nocardioidaceae	unclassified	unclassified
ES	ESC3	Semi-Persistent Enrichment	778968	Bacteria	Actinobacteria	Actinobacteria	Actinomycetales	Nocardioidaceae	unclassified	unclassified
ES	ESC3	Semi-Persistent Enrichment	1087325	Bacteria	Actinobacteria	Actinobacteria	Actinomycetales	Streptomycetaceae	unclassified	unclassified
ES	ESC3	Semi-Persistent Enrichment	354765	Bacteria	Actinobacteria	Actinobacteria	Actinomycetales	Micromonosporaceae	Verrucosispora	gifhornensis
ES	ESC3	Semi-Persistent Enrichment	806201	Bacteria	Proteobacteria	Alphaproteobacteria	Rhizobiales	Phyllobacteriaceae	Mesorhizobium	unclassified
ES	ESC3	Semi-Persistent Enrichment	408093	Bacteria	Actinobacteria	Actinobacteria	Actinomycetales	Micromonosporaceae	Dactylosporangium	unclassified
ES	ESC3	Semi-Persistent Enrichment	554420	Bacteria	Actinobacteria	Actinobacteria	Actinomycetales	Micromonosporaceae	unclassified	unclassified
ES	ESC3	Semi-Persistent Enrichment	996116	Bacteria	Actinobacteria	Actinobacteria	Actinomycetales	Nocardioidaceae	unclassified	unclassified
ES	ESC3	Semi-Persistent Enrichment	822419	Bacteria	Proteobacteria	Betaproteobacteria	Burkholderiales	Oxalobacteraceae	unclassified	unclassified
ES	ESC3	Semi-Persistent Enrichment	579412	Bacteria	Actinobacteria	Actinobacteria	Actinomycetales	Thermomonosporaceae	unclassified	unclassified
ES	ESC3	Semi-Persistent Enrichment	832674	Bacteria	Proteobacteria	Betaproteobacteria	Burkholderiales	Oxalobacteraceae	Janthinobacterium	lividum
ES	ESC3	Semi-Persistent Enrichment	4295043	Bacteria	Proteobacteria	Alphaproteobacteria	Caulobacterales	Caulobacteraceae	Arthrospira	unclassified
ES	ESC3	Semi-Persistent Enrichment	989109	Bacteria	Proteobacteria	Alphaproteobacteria	Sphingomonadales	Sphingomonadaceae	Kaistobacter	unclassified
ES	ESC3	Semi-Persistent Enrichment	1082846	Bacteria	Actinobacteria	Actinobacteria	Actinomycetales	Streptomycetaceae	Streptomyces	unclassified
ES	ESC3	Semi-Persistent Enrichment	558911	Bacteria	Actinobacteria	Actinobacteria	Actinomycetales	Nocardioidaceae	Kribbella	unclassified
ES	ESC3	Semi-Persistent Enrichment	1106130	Bacteria	Actinobacteria	Actinobacteria	Actinomycetales	Streptomycetaceae	unclassified	unclassified
ES	ESC3	Semi-Persistent Enrichment	1037355	Bacteria	Actinobacteria	Actinobacteria	Actinomycetales	Streptomycetaceae	Streptomyces	unclassified
ES	ESC3	Semi-Persistent Enrichment	920852	Bacteria	Actinobacteria	Actinobacteria	Actinomycetales	Streptomycetaceae	Streptomyces	mirabilis
ES	ESC3	Semi-Persistent Enrichment	1029463	Bacteria	Actinobacteria	Actinobacteria	Actinomycetales	Micromonosporaceae	unclassified	unclassified
ES	ESC3	Semi-Persistent Enrichment	743788	Bacteria	Actinobacteria	Actinobacteria	Actinomycetales	Actinosynnemataceae	Saccharothrix	unclassified
ES	ESC3	Semi-Persistent Enrichment	268040	Bacteria	Actinobacteria	Actinobacteria	Actinomycetales	Streptomycetaceae	Streptomyces	lanatus
ES	ESC3	Semi-Persistent Enrichment	535678	Bacteria	Actinobacteria	Actinobacteria	Actinomycetales	Streptomycetaceae	Amycolatopsis	coloradensis
ES	ESC3	Semi-Persistent Enrichment	265094	Bacteria	Actinobacteria	Actinobacteria	Actinomycetales	Micromonosporaceae	unclassified	unclassified
ES	ESC3	Semi-Persistent Enrichment	1133478	Bacteria	Actinobacteria	Actinobacteria	Actinomycetales	Micromonosporaceae	Actinoplanes	unclassified
ES	ESC3	Semi-Persistent Enrichment	249571	Bacteria	Actinobacteria	Actinobacteria	Actinomycetales	Micromonosporaceae	unclassified	unclassified
ES	ESC3	Semi-Persistent Enrichment	17991	Bacteria	Actinobacteria	Actinobacteria	Actinomycetales	Micromonosporaceae	Actinoplanes	unclassified
ES	ESC3	Semi-Persistent Enrichment	74352	Bacteria	Actinobacteria	Actinobacteria	Actinomycetales	Micromonosporaceae	Catellatospora	unclassified
ES	ESC3	Semi-Persistent Enrichment	850971	Bacteria	Actinobacteria	Actinobacteria	Actinomycetales	Pseudonocardiaceae	Amycolatopsis	unclassified
ES	ESC1	NA	4578	Bacteria	Proteobacteria	Alphaproteobacteria	Rhodospirillales	Rhodospirillaceae	Azospirillum	unclassified
ES	ESC1	NA	541299	Bacteria	Proteobacteria	Alphaproteobacteria	Caulobacterales	Caulobacteraceae	Phenylobacterium	unclassified
ES	ESC1	NA	435628	Bacteria	Proteobacteria	Alphaproteobacteria	Sphingomonadales	Sphingomonadaceae	Novosphingobium	unclassified
ES	ESC1	NA	502910	Bacteria	Proteobacteria	Alphaproteobacteria	Sphingomonadales	Sphingomonadaceae	Sphingobium	unclassified
ES	ESC1	NA	274091	Bacteria	Firmicutes	Clostridia	Clostridiales	Veillonellaceae	Sporomusa	unclassified
ES	ESC1	NA	510013	Bacteria	Firmicutes	Clostridia	Clostridiales	Veillonellaceae	Sporomusa	unclassified
ES	ESC1	NA	112962	Bacteria	Chloroflexi	Chloroflexi	Herpetosiphonales	unclassified	unclassified	unclassified
ES	ESC1	NA	839235	Bacteria	Proteobacteria	Gammaproteobacteria	Aeromonadales	Aeromonadaceae	unclassified	unclassified
ES	ESC1	NA	1108726	Bacteria	Proteobacteria	Betaproteobacteria	Burkholderiales	Comamonadaceae	Methylibium	unclassified
ES	ESC1	NA	269031	Bacteria	Firmicutes	Clostridia	OPB54	unclassified	unclassified	unclassified
ES	ESC1	NA	813418	Bacteria	Proteobacteria	Alphaproteobacteria	Sphingomonadales	Sphingomonadaceae	unclassified	unclassified
ES	ESC1	NA	1009440	Bacteria	Proteobacteria	Alphaproteobacteria	Caulobacterales	Caulobacteraceae	unclassified	unclassified
ES	ESC1	NA	1062748	Bacteria	Actinobacteria	Actinobacteria	Actinomycetales	Mycobacteriaceae	Mycobacterium	unclassified
ES	ESC1	NA	730204	Bacteria	Proteobacteria	Alphaproteobacteria	Rhodospirillales	Rhodospirillaceae	Azospirillum	unclassified
ES	ESC1	NA	1121233	Bacteria	Proteobacteria	Deltaproteobacteria	Myxococcales	unclassified	unclassified	unclassified
ES	ESC1	NA	222183	Bacteria	Proteobacteria	Alphaproteobacteria	Sphingomonadales	Sphingomonadaceae	unclassified	unclassified
ES	ESC1	NA	144545	Bacteria	Chloroflexi	Chloroflexi	[Roseiflexales]	[Kouleothrixaceae]	unclassified	unclassified
ES	ESC1	NA	217917	Bacteria	Chloroflexi	Chloroflexi	[Roseiflexales]	[Kouleothrixaceae]	unclassified	unclassified
ES	ESC1	NA	289530	Bacteria	Chloroflexi	Chloroflexi	[Roseiflexales]	[Kouleothrixaceae]	unclassified	unclassified
ES	ESC1	NA	238766	Bacteria	Chloroflexi	Chloroflexi	[Roseiflexales]	[Kouleothrixaceae]	unclassified	unclassified
ES	ESC1	NA	588861	Bacteria	Chloroflexi	Chloroflexi	[Roseiflexales]	[Kouleothrixaceae]	unclassified	unclassified
ES	ESC1	NA	247445	Bacteria	Bacteroidetes	Cytophagia	Cytophagales	Cytophagaceae	unclassified	unclassified
ES	ESC1	NA	1081489	Bacteria	Fibrobacteres	Fibrobacteria	258ds10	unclassified	unclassified	unclassified
ES	ESC1	NA	846710	Bacteria	Proteobacteria	Betaproteobacteria	Burkholderiales	Comamonadaceae	unclassified	unclassified
ES	ESC1	NA	888396	Bacteria	Proteobacteria	Betaproteobacteria	Burkholderiales	Comamonadaceae	Hydrogenophaga	unclassified
ES	ESC1	NA	546390	Bacteria	Proteobacteria	Alphaproteobacteria	Rhodospirillales	Rhodospirillaceae	Azospirillum	unclassified
ES	ESC1	NA	1081815	Bacteria	Actinobacteria	Actinobacteria	Actinomycetales	Micrococcaceae	unclassified	unclassified
ES	ESC1	NA	1104733	Bacteria	Proteobacteria	Betaproteobacteria	Burkholderiales	Comamonadaceae	unclassified	unclassified
ES	ESC1	NA	606989	Bacteria	Proteobacteria	Gammaproteobacteria	Xanthomonadales	Xanthomonadaceae	Lysobacter	yangpyeongensis
ES	ESC1	NA	219743	Bacteria	Actinobacteria	Actinobacteria	Actinomycetales	Micromonosporaceae	unclassified	unclassified
ES	ESC1	NA	553562	Bacteria	Verrucomicrobia	[Spartobacteria]	[Chthoniobacterales]	[Chthoniobacteraceae]	unclassified	unclassified
ES	ESC1	NA	582988	Bacteria	Bacteroidetes	Cytophagia	Cytophagales	Cytophagaceae	unclassified	unclassified
ES	ESC1	NA	4434837	Bacteria	Verrucomicrobia	Verrucomicrobiae	Verrucomicrobiales	Verrucomicrobiaceae	Luteolibacter	unclassified
ES	ESC1	NA	852722	Bacteria	Proteobacteria	Deltaproteobacteria	Spirobacillales	unclassified	unclassified	unclassified
ES	ESC1	NA	564093	Bacteria	Actinobacteria	Actinobacteria	Actinomycetales	Micromonosporaceae	Virgisporangium	ochraceum
ES	ESC1	NA	551109	Bacteria	Proteobacteria	Alphaproteobacteria	Caulobacterales	Caulobacteraceae	unclassified	unclassified
ES	ESC1	NA	313833	Bacteria	Proteobacteria	Deltaproteobacteria	Myxococcales	Haliangiaceae	unclassified	unclassified
ES	ESC1	NA	620684	Bacteria	Proteobacteria	Alphaproteobacteria	Rhizobiales	Phyllobacteriaceae	unclassified	unclassified
ES	ESC1	NA	1106324	Bacteria	Proteobacteria	Betaproteobacteria	Burkholderiales	Comamonadaceae	unclassified	unclassified
ES	ESC1	NA	1026261	Bacteria	Proteobacteria	Deltaproteobacteria	Myxococcales	unclassified	unclassified	unclassified
ES	ESC1	NA	213535	Bacteria	Actinobacteria	Actinobacteria	Actinomycetales	unclassified	unclassified	unclassified
ES	ESC1	NA	142010	Bacteria	Verrucomicrobia	Opitutae	Opitutales	Opitutaceae	Opitutus	unclassified
ES	ESC1	NA	111050	Bacteria	Actinobacteria	Thermoleophilia	Solirubrobacterales	Conexibacteraceae	unclassified	unclassified
ES	ESC1	NA	185950	Bacteria	Chloroflexi	Anaerolineae	SBR1031	A4b	unclassified	unclassified
ES	ESC1	NA	281360	Bacteria	Proteobacteria	Alphaproteobacteria	Rhodospirillales	Rhodospirillaceae	unclassified	unclassified
ES	ESC1	NA	4321627	Bacteria	Proteobacteria	Deltaproteobacteria	Myxococcales	unclassified	unclassified	unclassified
ES	ESC1	NA	4345857	Bacteria	Proteobacteria	Deltaproteobacteria	Myxococcales	unclassified	unclassified	unclassified
ES	ESC1	NA	1021984	Bacteria	Proteobacteria	Deltaproteobacteria	Myxococcales	unclassified	unclassified	unclassified
ES	ESC1	NA	832626	Bacteria	Proteobacteria	Deltaproteobacteria	Myxococcales	unclassified	unclassified	unclassified
ES	ESC1	NA	4353063	Bacteria	Proteobacteria	Deltaproteobacteria	Myxococcales	unclassified	unclassified	unclassified
ES	ESC1	NA	737690	Bacteria	Fibrobacteres	Fibrobacteria	258ds10	unclassified	unclassified	unclassified
ES	ESC1	NA	922761	Bacteria	Proteobacteria	Gammaproteobacteria	Enterobacteriales	Enterobacteriaceae	Erwinia	unclassified
ES	ESC1	NA	688259	Bacteria	Actinobacteria	Actinobacteria	Actinomycetales	Micromonosporaceae	Couchioplanes	unclassified
ES	ESC1	NA	646549	Bacteria	Proteobacteria	Gammaproteobacteria	Pseudomonadales	Pseudomonadaceae	Pseudomonas	unclassified
ES	ESC1	NA	1060517	Bacteria	Proteobacteria	Betaproteobacteria	Burkholderiales	Oxalobacteraceae	Janthinobacterium	unclassified
ES	ESC1	NA	1125242	Bacteria	Proteobacteria	Betaproteobacteria	Burkholderiales	Oxalobacteraceae	Janthinobacterium	unclassified
ES	ESC1	NA	1040172	Bacteria	Proteobacteria	Betaproteobacteria	Rhodocyclales	Rhodocyclaceae	unclassified	unclassified
ES	ESC1	NA	4439656	Bacteria	Proteobacteria	Betaproteobacteria	Burkholderiales	Comamonadaceae	Tepidimonas	unclassified
ES	ESC1	NA	697479	Bacteria	Proteobacteria	Betaproteobacteria	Burkholderiales	Comamonadaceae	Tepidimonas	unclassified
ES	ESC1	NA	818239	Bacteria	Proteobacteria	Betaproteobacteria	Rhodocyclales	Rhodocyclaceae	unclassified	unclassified
ES	ESC1	NA	532962	Bacteria	Actinobacteria	Actinobacteria	Actinomycetales	Thermomonosporaceae	unclassified	unclassified
ES	ESC1	NA	114176	Bacteria	Chloroflexi	Chloroflexi	Chloroflexales	Oscillochloridaceae	Oscillochloris	unclassified
ES	ESC1	NA	586230	Bacteria	Proteobacteria	Betaproteobacteria	Burkholderiales	Oxalobacteraceae	unclassified	unclassified
ES	ESC1	NA	811449	Bacteria	Proteobacteria	Alphaproteobacteria	Caulobacterales	Caulobacteraceae	unclassified	unclassified
ES	ESC1	NA	1126475	Bacteria	Bacteroidetes	Cytophagia	Cytophagales	Cytophagaceae	Emticicia	unclassified
ES	ESC1	NA	963779	Bacteria	Proteobacteria	Alphaproteobacteria	Rhizobiales	Rhizobiaceae	unclassified	unclassified
ES	ESC1	NA	969805	Bacteria	Proteobacteria	Alphaproteobacteria	Rhizobiales	Rhizobiaceae	Agrobacterium	unclassified
ES	ESC1	NA	7346	Bacteria	Proteobacteria	Betaproteobacteria	Burkholderiales	Oxalobacteraceae	Paucimonas	lemoignei
ES	ESC1	NA	21532	Bacteria	Proteobacteria	Betaproteobacteria	Rhodocyclales	Rhodocyclaceae	Uliginosibacterium	unclassified
ES	ESC1	NA	705062	Bacteria	Proteobacteria	Betaproteobacteria	unclassified	unclassified	unclassified	unclassified
ES	ESC1	NA	736261	Bacteria	Actinobacteria	Actinobacteria	Actinomycetales	Actinosynnemataceae	unclassified	unclassified
ES	ESC1	NA	952203	Bacteria	Proteobacteria	Betaproteobacteria	Burkholderiales	Oxalobacteraceae	unclassified	unclassified
ES	ESC1	NA	1074016	Bacteria	Proteobacteria	Betaproteobacteria	Burkholderiales	Oxalobacteraceae	unclassified	unclassified
ES	ESC1	NA	759624	Bacteria	Proteobacteria	Betaproteobacteria	Burkholderiales	Oxalobacteraceae	unclassified	unclassified
ES	ESC1	NA	555384	Bacteria	Actinobacteria	Actinobacteria	Actinomycetales	Streptosporangiaceae	Nonomuraea	unclassified
ES	ESC1	NA	570385	Bacteria	Proteobacteria	Alphaproteobacteria	Rhizobiales	Rhizobiaceae	Agrobacterium	vitis
ES	ESC1	NA	329490	Bacteria	Actinobacteria	Actinobacteria	Actinomycetales	Actinosynnemataceae	Lentzea	unclassified
ES	ESC1	NA	584947	Bacteria	Proteobacteria	Alphaproteobacteria	Sphingomonadales	Sphingomonadaceae	unclassified	unclassified
ES	ESC1	NA	1056577	Bacteria	Bacteroidetes	Flavobacteriia	Flavobacteriales	Cryomorphaceae	Fluviicola	unclassified
ES	ESC1	NA	1100798	Bacteria	Firmicutes	Clostridia	Clostridiales	Veillonellaceae	Pelosinus	unclassified
ES	ESC1	NA	225453	Bacteria	Proteobacteria	Gammaproteobacteria	Alteromonadales	Alteromonadaceae	Cellvibrio	unclassified
ES	ESC2	NA	4370738	Bacteria	Proteobacteria	Deltaproteobacteria	Myxococcales	unclassified	unclassified	unclassified
ES	ESC2	NA	791738	Bacteria	Proteobacteria	Betaproteobacteria	Burkholderiales	Comamonadaceae	unclassified	unclassified
ES	ESC2	NA	1015017	Bacteria	Proteobacteria	Deltaproteobacteria	Myxococcales	Nannocystaceae	Nannocystis	exedens
ES	ESC2	NA	3555655	Bacteria	Proteobacteria	Gammaproteobacteria	Alteromonadales	211ds20	unclassified	unclassified
ES	ESC2	NA	593171	Bacteria	Proteobacteria	Alphaproteobacteria	Rhodospirillales	Rhodospirillaceae	Phaeospirillum	fulvum
ES	ESC2	NA	1042683	Bacteria	Proteobacteria	Deltaproteobacteria	Myxococcales	unclassified	unclassified	unclassified
ES	ESC2	NA	569066	Bacteria	Proteobacteria	Gammaproteobacteria	Xanthomonadales	Xanthomonadaceae	Dokdonella	unclassified
ES	ESC2	NA	691349	Bacteria	Proteobacteria	Gammaproteobacteria	Xanthomonadales	Sinobacteraceae	unclassified	unclassified
ES	ESC2	NA	78422	Bacteria	Bacteroidetes	[Saprospirae]	[Saprospirales]	Chitinophagaceae	unclassified	unclassified
ES	ESC2	NA	931643	Bacteria	Proteobacteria	Betaproteobacteria	Burkholderiales	Comamonadaceae	Acidovorax	unclassified
ES	ESC2	NA	1048878	Bacteria	Proteobacteria	Betaproteobacteria	Burkholderiales	Comamonadaceae	Variovorax	paradoxus
ES	ESC2	NA	562008	Bacteria	Proteobacteria	Gammaproteobacteria	Xanthomonadales	Sinobacteraceae	Steroidobacter	unclassified
ES	ESC2	NA	4458357	Bacteria	Proteobacteria	Alphaproteobacteria	Rhodospirillales	Rhodospirillaceae	Azospirillum	unclassified
ES	ESC2	NA	512840	Bacteria	Proteobacteria	Alphaproteobacteria	Rhodospirillales	Rhodospirillaceae	unclassified	unclassified
ES	ESC2	NA	580625	Bacteria	Proteobacteria	Alphaproteobacteria	Rhizobiales	Bradyrhizobiaceae	unclassified	unclassified
ES	ESC2	NA	589070	Bacteria	Bacteroidetes	[Saprospirae]	[Saprospirales]	Chitinophagaceae	unclassified	unclassified
ES	ESC2	NA	190663	Bacteria	Actinobacteria	Actinobacteria	Actinomycetales	Kineosporiaceae	unclassified	unclassified
ES	ESC2	NA	250148	Bacteria	Actinobacteria	Actinobacteria	Actinomycetales	Kineosporiaceae	unclassified	unclassified
ES	ESC2	NA	1074625	Bacteria	Actinobacteria	Actinobacteria	Actinomycetales	Microbacteriaceae	unclassified	unclassified
ES	ESC2	NA	246691	Bacteria	Proteobacteria	Betaproteobacteria	Methylophilales	Methylophilaceae	unclassified	unclassified
ES	ESC2	NA	303643	Bacteria	Proteobacteria	Alphaproteobacteria	Rhizobiales	Bradyrhizobiaceae	unclassified	unclassified
ES	ESC2	NA	553551	Bacteria	Proteobacteria	Betaproteobacteria	Burkholderiales	Comamonadaceae	Rubrivivax	unclassified
ES	ESC2	NA	810167	Bacteria	Proteobacteria	Betaproteobacteria	Burkholderiales	Comamonadaceae	Methylibium	unclassified
ES	ESC2	NA	1106617	Bacteria	Proteobacteria	Betaproteobacteria	Burkholderiales	Comamonadaceae	unclassified	unclassified
ES	ESC2	NA	536444	Bacteria	Proteobacteria	Deltaproteobacteria	Myxococcales	Haliangiaceae	unclassified	unclassified
ES	ESC2	NA	804735	Bacteria	Actinobacteria	Actinobacteria	Actinomycetales	Brevibacteriaceae	Brevibacterium	unclassified
ES	ESC2	NA	1116937	Bacteria	Verrucomicrobia	[Pedosphaerae]	[Pedosphaerales]	unclassified	unclassified	unclassified
ES	ESC2	NA	983648	Bacteria	Proteobacteria	Gammaproteobacteria	Alteromonadales	211ds20	unclassified	unclassified
ES	ESC2	NA	594040	Bacteria	Bacteroidetes	[Saprospirae]	[Saprospirales]	Chitinophagaceae	Flavisolibacter	unclassified
ES	ESC2	NA	824862	Bacteria	Chloroflexi	Anaerolineae	SBR1031	A4b	unclassified	unclassified
ES	ESC2	NA	112867	Bacteria	Chloroflexi	Ellin6529	unclassified	unclassified	unclassified	unclassified
ES	ESC2	NA	765871	Bacteria	Acidobacteria	Acidobacteria-6	iii1-15	unclassified	unclassified	unclassified
ES	ESC2	NA	228873	Bacteria	Chloroflexi	Anaerolineae	S0208	unclassified	unclassified	unclassified
ES	ESC2	NA	588420	Bacteria	Chloroflexi	Anaerolineae	S0208	unclassified	unclassified	unclassified
ES	ESC2	NA	113486	Bacteria	Chloroflexi	Anaerolineae	GCA004	unclassified	unclassified	unclassified
ES	ESC2	NA	153548	Bacteria	Actinobacteria	Actinobacteria	Actinomycetales	unclassified	unclassified	unclassified
ES	ESC2	NA	143935	Bacteria	Chloroflexi	Anaerolineae	Anaerolineales	Anaerolinaceae	Anaerolinea	unclassified
ES	ESC2	NA	570191	Bacteria	Acidobacteria	Acidobacteria-6	CCU21	unclassified	unclassified	unclassified
ES	ESC2	NA	4348693	Bacteria	Chloroflexi	Anaerolineae	SBR1031	A4b	unclassified	unclassified
ES	ESC2	NA	615907	Bacteria	Acidobacteria	Acidobacteriia	Acidobacteriales	Koribacteraceae	Candidatus Koribacter	unclassified
ES	ESC2	NA	541884	Bacteria	Proteobacteria	Betaproteobacteria	Neisseriales	Neisseriaceae	Chitinimonas	taiwanensis
ES	ESC2	NA	635410	Bacteria	Proteobacteria	Betaproteobacteria	Burkholderiales	Comamonadaceae	unclassified	unclassified
ES	ESC2	NA	141531	Bacteria	Proteobacteria	Betaproteobacteria	Burkholderiales	Comamonadaceae	unclassified	unclassified
ES	ESC2	NA	4319981	Bacteria	Proteobacteria	Betaproteobacteria	Rhodocyclales	Rhodocyclaceae	Propionivibrio	unclassified
ES	ESC2	NA	970359	Bacteria	Proteobacteria	Alphaproteobacteria	Rhizobiales	Hyphomicrobiaceae	unclassified	unclassified
ES	ESC2	NA	178178	Bacteria	Cyanobacteria	Nostocophycideae	Nostocales	Nostocaceae	Gloeotrichia	unclassified
ES	ESC2	NA	1044436	Bacteria	Proteobacteria	Deltaproteobacteria	Syntrophobacterales	Syntrophobacteraceae	unclassified	unclassified
ES	ESC2	NA	770004	Bacteria	Acidobacteria	iii1-8	DS-18	unclassified	unclassified	unclassified
ES	ESC2	NA	1108275	Bacteria	Proteobacteria	Betaproteobacteria	Burkholderiales	Comamonadaceae	Limnohabitans	unclassified
ES	ESC2	NA	156976	Bacteria	Acidobacteria	iii1-8	DS-18	unclassified	unclassified	unclassified
ES	ESC2	NA	226240	Bacteria	Verrucomicrobia	Opitutae	Opitutales	Opitutaceae	unclassified	unclassified
ES	ESC2	NA	358068	Bacteria	Proteobacteria	Betaproteobacteria	Burkholderiales	Comamonadaceae	Methylibium	unclassified
ES	ESC2	NA	942852	Bacteria	Proteobacteria	Betaproteobacteria	Burkholderiales	Comamonadaceae	Aquabacterium	unclassified
ES	ESC2	NA	173071	Bacteria	Proteobacteria	Alphaproteobacteria	Rhizobiales	unclassified	unclassified	unclassified
ES	ESC2	NA	587552	Bacteria	Fibrobacteres	TG3	TG3-1	TSCOR003-O20	unclassified	unclassified
ES	ESC2	NA	311656	Bacteria	Bacteroidetes	[Saprospirae]	[Saprospirales]	Chitinophagaceae	Flavisolibacter	unclassified
ES	ESC2	NA	4346961	Bacteria	Chloroflexi	Ellin6529	unclassified	unclassified	unclassified	unclassified
ES	ESC2	NA	509899	Bacteria	Acidobacteria	iii1-8	DS-18	unclassified	unclassified	unclassified
ES	ESC2	NA	548552	Bacteria	Proteobacteria	Betaproteobacteria	Rhodocyclales	Rhodocyclaceae	KD1-23	unclassified
ES	ESC2	NA	201900	Bacteria	Proteobacteria	Alphaproteobacteria	Rhodospirillales	Rhodospirillaceae	Magnetospirillum	unclassified
ES	ESC2	NA	656774	Bacteria	Proteobacteria	Betaproteobacteria	Burkholderiales	Comamonadaceae	Comamonas	unclassified
ES	ESC2	NA	680509	Bacteria	Proteobacteria	Betaproteobacteria	Rhodocyclales	Rhodocyclaceae	Uliginosibacterium	unclassified
ES	ESC2	NA	1108830	Bacteria	Proteobacteria	Alphaproteobacteria	Rhizobiales	Methylocystaceae	unclassified	unclassified
ES	ESC2	NA	564241	Bacteria	Acidobacteria	Acidobacteria-6	iii1-15	RB40	unclassified	unclassified
ES	ESC2	NA	1051517	Bacteria	Firmicutes	Bacilli	Bacillales	Bacillaceae	Bacillus	unclassified
ES	ESC2	NA	1121898	Bacteria	Chloroflexi	Anaerolineae	GCA004	unclassified	unclassified	unclassified
ES	ESC2	NA	361264	Bacteria	Acidobacteria	Acidobacteria-6	iii1-15	unclassified	unclassified	unclassified
ES	ESC2	NA	547148	Bacteria	Gemmatimonadetes	Gemm-1	unclassified	unclassified	unclassified	unclassified
ES	ESC2	NA	698517	Bacteria	Proteobacteria	Betaproteobacteria	Ellin6067	unclassified	unclassified	unclassified
ES	ESC2	NA	552989	Bacteria	Proteobacteria	Betaproteobacteria	MND1	unclassified	unclassified	unclassified
ES	ESC2	NA	811187	Bacteria	Acidobacteria	Acidobacteria-6	iii1-15	unclassified	unclassified	unclassified
ES	ESC2	NA	892000	Bacteria	Acidobacteria	Acidobacteria-6	iii1-15	unclassified	unclassified	unclassified
ES	ESC2	NA	1107738	Bacteria	Acidobacteria	Acidobacteria-6	iii1-15	unclassified	unclassified	unclassified
ES	ESC2	NA	207355	Bacteria	Chloroflexi	Anaerolineae	SBR1031	A4b	unclassified	unclassified
ES	ESC2	NA	274279	Bacteria	Chloroflexi	Anaerolineae	CFB-26	unclassified	unclassified	unclassified
ES	ESC2	NA	570086	Bacteria	Bacteroidetes	Flavobacteriia	Flavobacteriales	Cryomorphaceae	Fluviicola	unclassified
ES	ESC2	NA	747226	Bacteria	Bacteroidetes	Cytophagia	Cytophagales	Cytophagaceae	unclassified	unclassified
ES	ESC2	NA	358590	Bacteria	Gemmatimonadetes	Gemm-1	unclassified	unclassified	unclassified	unclassified
ES	ESC2	NA	849683	Bacteria	Proteobacteria	Deltaproteobacteria	Myxococcales	Myxococcaceae	unclassified	unclassified
ES	ESC5	NA	4480305	Bacteria	Firmicutes	Clostridia	Clostridiales	Veillonellaceae	Sporomusa	unclassified
ES	ESC5	NA	583086	Bacteria	Firmicutes	Clostridia	Clostridiales	Veillonellaceae	Sporomusa	unclassified
ES	ESC5	NA	1058954	Bacteria	Proteobacteria	Betaproteobacteria	Rhodocyclales	Rhodocyclaceae	Propionivibrio	unclassified
ES	ESC5	NA	559099	Bacteria	Proteobacteria	Betaproteobacteria	Rhodocyclales	Rhodocyclaceae	Propionivibrio	unclassified
ES	ESC5	NA	261055	Bacteria	Proteobacteria	Alphaproteobacteria	Ellin329	unclassified	unclassified	unclassified
ES	ESC5	NA	326450	Bacteria	Proteobacteria	Alphaproteobacteria	Ellin329	unclassified	unclassified	unclassified
ES	ESC5	NA	276270	Bacteria	Proteobacteria	Alphaproteobacteria	Rhodospirillales	Rhodospirillaceae	Magnetospirillum	unclassified
ES	ESC5	NA	694856	Bacteria	Proteobacteria	Alphaproteobacteria	Rhizobiales	Methylocystaceae	Pleomorphomonas	unclassified
ES	ESC5	NA	827497	Bacteria	Proteobacteria	Gammaproteobacteria	Pseudomonadales	Pseudomonadaceae	Pseudomonas	alcaligenes
ES	ESC5	NA	833216	Bacteria	Firmicutes	Clostridia	Clostridiales	Lachnospiraceae	Coprococcus	unclassified
ES	ESC5	NA	239924	Bacteria	Proteobacteria	Gammaproteobacteria	Pseudomonadales	Pseudomonadaceae	Pseudomonas	citronellolis
ES	ESC5	NA	3332451	Bacteria	Proteobacteria	Deltaproteobacteria	Myxococcales	unclassified	unclassified	unclassified
ES	ESC5	NA	547017	Bacteria	Firmicutes	Clostridia	Clostridiales	Veillonellaceae	unclassified	unclassified
ES	ESC4	Persistent Depletion	137882	Bacteria	Firmicutes	Clostridia	Clostridiales	Veillonellaceae	BSV43	unclassified
ES	ESC4	Persistent Depletion	149163	Bacteria	Proteobacteria	Deltaproteobacteria	Desulfovibrionales	Desulfovibrionaceae	Desulfovibrio	putealis
ES	ESC4	Persistent Depletion	140200	Bacteria	Firmicutes	Clostridia	Clostridiales	Veillonellaceae	BSV43	unclassified
ES	ESC4	Persistent Depletion	4430284	Bacteria	Proteobacteria	Deltaproteobacteria	Desulfuromonadales	Geobacteraceae	Geobacter	unclassified
ES	ESC4	Persistent Depletion	553643	Bacteria	Acidobacteria	Holophagae	Holophagales	Holophagaceae	Geothrix	unclassified
ES	ESC4	Persistent Depletion	705559	Bacteria	Proteobacteria	Betaproteobacteria	Rhodocyclales	Rhodocyclaceae	unclassified	unclassified
ES	ESC4	Persistent Depletion	706547	Bacteria	Proteobacteria	Betaproteobacteria	Rhodocyclales	Rhodocyclaceae	unclassified	unclassified
ES	ESC4	Persistent Depletion	745157	Bacteria	Proteobacteria	Betaproteobacteria	Rhodocyclales	Rhodocyclaceae	unclassified	unclassified
ES	ESC4	Persistent Depletion	369022	Bacteria	Proteobacteria	Betaproteobacteria	Rhodocyclales	Rhodocyclaceae	unclassified	unclassified
ES	ESC4	Persistent Depletion	530591	Bacteria	Proteobacteria	Betaproteobacteria	Rhodocyclales	Rhodocyclaceae	unclassified	unclassified
ES	ESC4	Persistent Depletion	531901	Bacteria	Proteobacteria	Betaproteobacteria	Rhodocyclales	Rhodocyclaceae	unclassified	unclassified
ES	ESC4	Persistent Depletion	4480593	Bacteria	Proteobacteria	Deltaproteobacteria	Myxococcales	Myxococcaceae	Anaeromyxobacter	unclassified
ES	ESC4	Persistent Depletion	179879	Bacteria	Proteobacteria	Deltaproteobacteria	Myxococcales	Myxococcaceae	Anaeromyxobacter	unclassified
ES	ESC4	Persistent Depletion	3430519	Bacteria	Proteobacteria	Deltaproteobacteria	Myxococcales	Myxococcaceae	Anaeromyxobacter	unclassified
ES	ESC4	Persistent Depletion	234790	Bacteria	Proteobacteria	Deltaproteobacteria	Desulfovibrionales	Desulfovibrionaceae	Desulfovibrio	mexicanus
ES	ESC4	Persistent Depletion	3116297	Bacteria	Proteobacteria	Deltaproteobacteria	Myxococcales	unclassified	unclassified	unclassified
ES	ESC4	Persistent Depletion	237257	Bacteria	Chloroflexi	Anaerolineae	envOPS12	unclassified	unclassified	unclassified
ES	ESC4	Persistent Depletion	527719	Bacteria	Proteobacteria	Deltaproteobacteria	Desulfuromonadales	Geobacteraceae	Geobacter	unclassified
ES	ESC4	Persistent Depletion	574321	Bacteria	Proteobacteria	Betaproteobacteria	Rhodocyclales	Rhodocyclaceae	Dechloromonas	unclassified
ES	ESC4	Persistent Depletion	236435	Bacteria	Proteobacteria	Betaproteobacteria	Rhodocyclales	Rhodocyclaceae	unclassified	unclassified
ES	ESC4	Persistent Depletion	160786	Bacteria	Nitrospirae	Nitrospira	Nitrospirales	FW	4-29	unclassified
ES	ESC4	Persistent Depletion	579757	Bacteria	Proteobacteria	Deltaproteobacteria	Desulfuromonadales	Geobacteraceae	Geobacter	unclassified
ES	ESC4	Persistent Depletion	1107608	Bacteria	Proteobacteria	Deltaproteobacteria	Myxococcales	unclassified	unclassified	unclassified
ES	ESC4	Persistent Depletion	150587	Bacteria	Proteobacteria	Deltaproteobacteria	Myxococcales	Myxococcaceae	Anaeromyxobacter	unclassified
ES	ESC4	Persistent Depletion	230386	Bacteria	Chloroflexi	Anaerolineae	Anaerolineales	Anaerolinaceae	Anaerolinea	unclassified
ES	ESC4	Persistent Depletion	4464809	Bacteria	Acidobacteria	Acidobacteria-6	iii1-15	unclassified	unclassified	unclassified
ES	ESC4	Persistent Depletion	359433	Bacteria	Acidobacteria	Acidobacteria-6	CCU21	unclassified	unclassified	unclassified
ES	ESC4	Persistent Depletion	555469	Bacteria	Proteobacteria	Betaproteobacteria	Rhodocyclales	Rhodocyclaceae	unclassified	unclassified
ES	ESC4	Persistent Depletion	148273	Bacteria	Proteobacteria	Deltaproteobacteria	Myxococcales	Myxococcaceae	Anaeromyxobacter	unclassified
ES	ESC4	Persistent Depletion	650816	Bacteria	Proteobacteria	Deltaproteobacteria	Myxococcales	unclassified	unclassified	unclassified
ES	ESC4	Persistent Depletion	353729	Bacteria	Proteobacteria	Deltaproteobacteria	Myxococcales	Myxococcaceae	Anaeromyxobacter	unclassified
ES	ESC4	Persistent Depletion	909520	Bacteria	Proteobacteria	Deltaproteobacteria	Myxococcales	Myxococcaceae	Anaeromyxobacter	unclassified
ES	ESC4	Persistent Depletion	220256	Bacteria	Proteobacteria	Deltaproteobacteria	Myxococcales	unclassified	unclassified	unclassified
ES	ESC4	Persistent Depletion	247767	Bacteria	Verrucomicrobia	Opitutae	unclassified	unclassified	unclassified	unclassified
ES	ESC4	Persistent Depletion	1060474	Bacteria	Actinobacteria	Actinobacteria	Actinomycetales	unclassified	unclassified	unclassified
ES	ESC4	Persistent Depletion	370788	Bacteria	Proteobacteria	Betaproteobacteria	Rhodocyclales	Rhodocyclaceae	unclassified	unclassified
ES	ESC4	Persistent Depletion	815406	Bacteria	Proteobacteria	Betaproteobacteria	Rhodocyclales	Rhodocyclaceae	unclassified	unclassified
ES	ESC4	Persistent Depletion	106737	Bacteria	Proteobacteria	Betaproteobacteria	Rhodocyclales	Rhodocyclaceae	unclassified	unclassified
ES	ESC4	Persistent Depletion	256109	Bacteria	Proteobacteria	Betaproteobacteria	Rhodocyclales	Rhodocyclaceae	Dok59	unclassified
ES	ESC4	Persistent Depletion	4340806	Bacteria	Proteobacteria	Deltaproteobacteria	Myxococcales	Myxococcaceae	Anaeromyxobacter	unclassified
ES	ESC4	Persistent Depletion	4390466	Bacteria	Bacteroidetes	Bacteroidia	Bacteroidales	unclassified	unclassified	unclassified
ES	ESC4	Persistent Depletion	583051	Bacteria	Proteobacteria	Deltaproteobacteria	Myxococcales	Myxococcaceae	Anaeromyxobacter	unclassified
ES	ESC4	Persistent Depletion	4424705	Bacteria	Proteobacteria	Betaproteobacteria	Burkholderiales	Comamonadaceae	unclassified	unclassified
ES	ESC4	Persistent Depletion	738779	Bacteria	Proteobacteria	Betaproteobacteria	Rhodocyclales	Rhodocyclaceae	Dok59	unclassified
ES	ESC4	Persistent Depletion	568229	Bacteria	Proteobacteria	Betaproteobacteria	Rhodocyclales	Rhodocyclaceae	Azospira	unclassified
ES	ESC4	Persistent Depletion	1105514	Bacteria	Proteobacteria	Betaproteobacteria	Rhodocyclales	Rhodocyclaceae	Dechloromonas	unclassified
ES	ESC4	Persistent Depletion	555922	Bacteria	Proteobacteria	Betaproteobacteria	Rhodocyclales	Rhodocyclaceae	Dechloromonas	unclassified
ES	ESC4	Persistent Depletion	2371693	Bacteria	Proteobacteria	Betaproteobacteria	Burkholderiales	Comamonadaceae	unclassified	unclassified
ES	ESC4	Persistent Depletion	626739	Bacteria	Proteobacteria	Betaproteobacteria	Rhodocyclales	Rhodocyclaceae	Z-35	unclassified
ES	ESC4	Persistent Depletion	993270	Bacteria	Proteobacteria	Betaproteobacteria	Rhodocyclales	Rhodocyclaceae	Dechloromonas	unclassified
ES	ESC4	Persistent Depletion	4439805	Bacteria	Fibrobacteres	Fibrobacteria	258ds10	unclassified	unclassified	unclassified
ES	ESC4	Persistent Depletion	159655	Bacteria	Bacteroidetes	Cytophagia	Cytophagales	Cytophagaceae	unclassified	unclassified
ES	ESC4	Persistent Depletion	719367	Bacteria	Proteobacteria	Betaproteobacteria	Burkholderiales	Comamonadaceae	unclassified	unclassified
ES	ESC4	Persistent Depletion	532696	Bacteria	Proteobacteria	Deltaproteobacteria	Desulfobacterales	Desulfobulbaceae	unclassified	unclassified
ES	ESC4	Persistent Depletion	568241	Bacteria	Proteobacteria	Deltaproteobacteria	Desulfobacterales	Desulfobulbaceae	unclassified	unclassified
ES	ESC4	Persistent Depletion	587972	Bacteria	Proteobacteria	Deltaproteobacteria	Desulfobacterales	Desulfobulbaceae	unclassified	unclassified
ES	ESC4	Persistent Depletion	730387	Bacteria	Proteobacteria	Betaproteobacteria	Rhodocyclales	Rhodocyclaceae	unclassified	unclassified
ES	ESC4	Persistent Depletion	788334	Bacteria	Proteobacteria	Betaproteobacteria	Rhodocyclales	Rhodocyclaceae	Azoarcus	unclassified
ES	ESC4	Persistent Depletion	133807	Bacteria	Firmicutes	Clostridia	Clostridiales	Veillonellaceae	unclassified	unclassified
ES	ESC4	Persistent Depletion	3954601	Bacteria	Bacteroidetes	Bacteroidia	Bacteroidales	unclassified	unclassified	unclassified
ES	ESC4	Persistent Depletion	588703	Bacteria	Proteobacteria	Deltaproteobacteria	Desulfuromonadales	Geobacteraceae	Geobacter	unclassified
ES	ESC4	Persistent Depletion	590693	Bacteria	Proteobacteria	Deltaproteobacteria	Desulfuromonadales	Geobacteraceae	Geobacter	unclassified
ES	ESC4	Persistent Depletion	335316	Bacteria	Firmicutes	Clostridia	Clostridiales	Veillonellaceae	unclassified	unclassified
ES	ESC4	Persistent Depletion	831193	Bacteria	Proteobacteria	Betaproteobacteria	Rhodocyclales	Rhodocyclaceae	Propionivibrio	unclassified
ES	ESC4	Persistent Depletion	565822	Bacteria	Firmicutes	Clostridia	OPB54	unclassified	unclassified	unclassified
ES	ESC4	Persistent Depletion	560806	Bacteria	Proteobacteria	Deltaproteobacteria	Myxococcales	unclassified	unclassified	unclassified
ES	ESC4	Persistent Depletion	565375	Bacteria	Proteobacteria	Deltaproteobacteria	Myxococcales	unclassified	unclassified	unclassified
ES	ESC4	Persistent Depletion	4344472	Bacteria	Acidobacteria	Holophagae	Holophagales	Holophagaceae	unclassified	unclassified
ES	ESC4	Persistent Depletion	141173	Bacteria	Bacteroidetes	Bacteroidia	Bacteroidales	unclassified	unclassified	unclassified
ES	ESC4	Persistent Depletion	143744	Bacteria	Bacteroidetes	Bacteroidia	Bacteroidales	unclassified	unclassified	unclassified
ES	ESC4	Persistent Depletion	592970	Bacteria	Proteobacteria	Deltaproteobacteria	Myxococcales	Myxococcaceae	Anaeromyxobacter	unclassified
ES	ESC4	Persistent Depletion	141189	Bacteria	Spirochaetes	Spirochaetes	Spirochaetales	Spirochaetaceae	Spirochaeta	aurantia
ES	ESC4	Persistent Depletion	89329	Bacteria	Spirochaetes	Spirochaetes	Spirochaetales	Spirochaetaceae	Spirochaeta	aurantia
ES	ESC4	Persistent Depletion	243306	Bacteria	Proteobacteria	Deltaproteobacteria	Desulfovibrionales	Desulfovibrionaceae	Desulfovibrio	unclassified
ES	ESC4	Persistent Depletion	1128406	Bacteria	Fibrobacteres	TG3	TG3-1	TSCOR003-O20	unclassified	unclassified
ES	ESC4	Persistent Depletion	1145691	Bacteria	Fibrobacteres	TG3	TG3-1	TSCOR003-O20	unclassified	unclassified
ES	ESC4	Persistent Depletion	813906	Bacteria	Proteobacteria	Betaproteobacteria	SBla14	unclassified	unclassified	unclassified
ES	ESC4	Persistent Depletion	562868	Bacteria	Proteobacteria	Epsilonproteobacteria	Campylobacterales	Campylobacteraceae	Sulfurospirillum	unclassified
ES	ESC4	Persistent Depletion	1034969	Bacteria	Proteobacteria	Alphaproteobacteria	Ellin329	unclassified	unclassified	unclassified
ES	ESC4	Persistent Depletion	153442	Bacteria	Verrucomicrobia	Opitutae	Opitutales	Opitutaceae	Opitutus	unclassified
ES	ESC4	Persistent Depletion	817995	Bacteria	Firmicutes	Clostridia	Clostridiales	Ruminococcaceae	unclassified	unclassified
